name,videoUrl,imageUrl,instruction,componentIds,categories,prescriptions,patterns,bodyRegions,equipment,loadingSides,locations,liftPriorities,movementDirections,Column1,disabled
90 90 Int. Rot.,https://iamaspire.aspire.qa/ExerciseVideo/,,,rom:flexibility:passive-stretching,strength:corrective:spine,ext-load-bil,,lower,,,,,,,FALSE
90 90 L1,https://iamaspire.aspire.qa/ExerciseVideo/,,,rom:flexibility:passive-stretching,strength:corrective:spine,ext-load-bil,,lower,,,,,,,FALSE
90 90 L2,https://iamaspire.aspire.qa/ExerciseVideo/,,,rom:flexibility:passive-stretching,strength:corrective:spine,ext-load-bil,,lower,,,,,,,FALSE
90 90 L3,https://iamaspire.aspire.qa/ExerciseVideo/,,,rom:flexibility:passive-stretching,strength:corrective:spine,ext-load-bil,,lower,,,,,,,FALSE
90 90 L4,https://iamaspire.aspire.qa/ExerciseVideo/,,,rom:flexibility:passive-stretching,strength:corrective:spine,ext-load-bil,,lower,,,,,,,FALSE
90 90 Leg Sweep,https://iamaspire.aspire.qa/ExerciseVideo/,,,rom:flexibility:passive-stretching,strength:corrective:spine,ext-load-bil,,lower,,,,,,,FALSE
90 90 Side Front Side,https://iamaspire.aspire.qa/ExerciseVideo/,,,rom:flexibility:passive-stretching,strength:corrective:spine,ext-load-bil,,total,,,,,,,FALSE
90 90 Switch,https://iamaspire.aspire.qa/ExerciseVideo/,,,rom:flexibility:passive-stretching,strength:corrective:spine,ext-load-bil,,lower,,,,,,,FALSE
90 90 Wheel Elbow,https://iamaspire.aspire.qa/ExerciseVideo/,,,rom:flexibility:passive-stretching,strength:corrective:spine,ext-load-bil,,total,,,,,,,FALSE
90-90 Hip Switch to Hip Extension,https://iamaspire.aspire.qa/ExerciseVideo/90-90 Hip Switch to Hip Extension.mp4,https://iamaspire.aspire.qa/ExerciseVideo/ExerciseThumbNailImage/11-Jun-2024_7f3d41af-b658-4ec9-8785-08894c31e46b.png,Sit on the floor.Place your hands over your chest.Put your legs 90 degrees angles.Rotate back over the rear leg.Bring chest towards knee.Keep back straight and hinge from the hips.Switch and do dinamyc to the other side.,rom:flexibility:passive-stretching,strength:corrective:spine,ext-load-uni,,,bodyweight:pull-up-bar,,"gym,pitch,mobile",,,,FALSE
Accel & Jump - EC,https://iamaspire.aspire.qa/ExerciseVideo/Accel & Jump - EC.mp4,https://iamaspire.aspire.qa/ExerciseVideo/ExerciseThumbNailImage/11-Jun-2024_88aa1e1c-7e8e-4f85-9495-87e6de96e95e.png,"Sprint a few steps, then explode into a vertical jump.",speed:cod,strength:corrective:spine,ext-load-bil,squat,lower,bodyweight:pull-up-bar,,"pitch,gym",assistance,linear,,FALSE
Acceleration 5m,https://iamaspire.aspire.qa/ExerciseVideo/NoVideo.mp4,,,speed:cod,strength:corrective:spine,ext-load-bil,run,total,functional:box,,"pitch,gym,mobile",,,,FALSE
Acceleration Squat - FW[V12],https://iamaspire.aspire.qa/ExerciseVideo/Acceleration Squat - FW[V12].mp4,https://iamaspire.aspire.qa/ExerciseVideo/ExerciseThumbNailImage/11-Jun-2024_df6b262c-48de-4ea7-b996-c069048e078e.png,"Perform fast, deep squat and accelerate upward with force.",strength:power:running-based,strength:corrective:spine,ext-load-bil,squat,lower,,,gym,,linear,,FALSE
Acceleration Start Throw - MB,https://iamaspire.aspire.qa/ExerciseVideo/Acceleration Start Throw - MB.mp4,,Start in staggered stance holding a med ball. Explosively sprint and throw the ball forward.,strength:power:running-based,strength:corrective:spine,mb-drills-bil,run,"total,core",,,"pitch,gym",,,,FALSE
Adductors - FoamRoller,https://iamaspire.aspire.qa/ExerciseVideo/Adductors - FoamRoller.mp4,https://iamaspire.aspire.qa/ExerciseVideo/ExerciseThumbNailImage/11-Jun-2024_277944d5-8be7-4ea3-974a-e36de7e73a0a.png,Search trigger points|| push on it keeping the pressure constant. Scale of pain out of 10 never more than 8 release it until 3-4.,rom:flexibility:passive-stretching,strength:corrective:spine,ext-load-bil,,,,,,,,,FALSE
Alt. Rotational Toss to Wall - MB,https://iamaspire.aspire.qa/ExerciseVideo/Alt. Rotational Toss to Wall - MB.mp4,,"Start in squat stance, keeping a med ball. Rotate trunk and throw ball to wall, alternating sides.",rom:flexibility:passive-stretching,strength:corrective:spine,mb-drills-bil,press,core,,,"pitch,gym,mobile",,,,FALSE
Alternating Ball Push Up,https://iamaspire.aspire.qa/ExerciseVideo/Alternating Ball Push Up.mp4,https://iamaspire.aspire.qa/ExerciseVideo/ExerciseThumbNailImage/11-Jun-2024_c51cf19a-cb9e-42c3-9680-7db784e2b002.png,Chest out and core strong. Squeeze glutes to avoid arching the lower back. Try to keep an imagination line from head to feet.,rom:flexibility:passive-stretching,strength:corrective:spine,mb-drills-bil,press,"upper,core",free-weight:medicine-ball,,"pitch,gym,mobile",,,,FALSE
Ankle Jumps,https://iamaspire.aspire.qa/ExerciseVideo/Ankle Jumps.mp4,https://iamaspire.aspire.qa/ExerciseVideo/ExerciseThumbNailImage/11-Jun-2024_cc48cb32-11f5-4a5c-8cfc-6d083e9534d8.png,"Stand tall with feet hip-width. Perform small, fast hops using only ankles—knees stay stiff.",strength:power:jumping,strength:corrective:spine,rsi-drills-bil,jump,lower,bodyweight:pull-up-bar,,"pitch,gym,mobile",,,,FALSE
Ankle Jumps over Hurdles [double contact],https://iamaspire.aspire.qa/ExerciseVideo/Ankle Jumps over Hurdles [double contact].mp4,https://iamaspire.aspire.qa/ExerciseVideo/ExerciseThumbNailImage/11-Jun-2024_2ee04fdd-0b80-49fa-a7f6-d0a3e4829a65.png,Trunk lean forward|| hip and knee semi-flexed. Chest out|| squeeze the core. Full extension of the knees in the air and quick contact with the floor.,strength:power:jumping,strength:corrective:spine,ext-load-bil,jump,lower,bodyweight:pull-up-bar,,"pitch,gym,mobile",,,,FALSE
Ankle Jumps to Acceleration,https://iamaspire.aspire.qa/ExerciseVideo/Ankle Jumps to Acceleration.mp4,,"Do quick ankle hops, then transition immediately into a forward sprint.",speed:acceleration:resisted,strength:corrective:spine,ext-load-bil,jump,lower,free-weight:external-load,,"pitch,gym,mobile",supplemental,linear,,FALSE
Anti-Rotation - Landmine,https://iamaspire.aspire.qa/ExerciseVideo/Anti-Rotation - Landmine.mp4,https://iamaspire.aspire.qa/ExerciseVideo/ExerciseThumbNailImage/11-Jun-2024_b9ab8041-6092-42ff-9b33-b06bf29a8740.png,Bend over and keep back straight. Chest out and keep shoulders back. Squeeze core to avoid rotation of the trunk during movement.,coordination:running-mechanics,strength:corrective:spine,ext-load-bil,torsion,core,strength:barbells:trapbar,,"pitch,gym,mobile",,,,FALSE
A-Pop w Plate OH,https://iamaspire.aspire.qa/ExerciseVideo/A-Pop w Plate OH.mp4,https://iamaspire.aspire.qa/ExerciseVideo/ExerciseThumbNailImage/11-Jun-2024_e5a66352-e809-4441-b445-bdd769fd8cef.png,Chest out and squeeze the core. Keep nice and tall position. Switch the legs in the air and punch the ground agressively.,coordination:running-mechanics,strength:corrective:spine,ext-load-uni,run,core,free-weight:medicine-ball,,"pitch,gym,mobile",,,,FALSE
A-Skip w Plate OH,https://iamaspire.aspire.qa/ExerciseVideo/A-Skip w Plate OH.mp4,https://iamaspire.aspire.qa/ExerciseVideo/ExerciseThumbNailImage/11-Jun-2024_7bc67400-4b71-46de-b77a-b8211bae6f48.png,Chest out and squeeze the core Keep nice and tall position. Switch the legs in the air and punch the ground agressively twice.,coordination:running-mechanics,strength:corrective:spine,ext-load-uni,run,core,free-weight:medicine-ball,,"pitch,gym,mobile",,,,FALSE
Back Pedal & Jump - EC,https://iamaspire.aspire.qa/ExerciseVideo/Back Pedal & Jump - EC.mp4,https://iamaspire.aspire.qa/ExerciseVideo/ExerciseThumbNailImage/11-Jun-2024_46fc4c0c-d2b6-4c2e-abe9-1f33df1da3ba.png,"Backpedal quickly, then jump vertically.",speed:cod:resisted,strength:corrective:spine,ext-load-bil,run,lower,bodyweight:pull-up-bar,,"pitch,gym",supplemental,linear,,FALSE
Back Roll,https://iamaspire.aspire.qa/ExerciseVideo/,,,coordination:running-mechanics,strength:corrective:spine,ext-load-bil,,total,,,,,,,FALSE
Back Squat w OHP - BB,https://iamaspire.aspire.qa/ExerciseVideo/Back Squat w OHP - BB.mp4,https://iamaspire.aspire.qa/ExerciseVideo/ExerciseThumbNailImage/11-Jun-2024_8b5a23bc-e231-4d2c-bc2c-12568bbb6cdd.png,"Bar on back. Squat fully, stand, then press bar overhead in one fluid motion.",strength:general:con-ecc,strength:corrective:spine,ext-load-bil,squat,total,functional:box,,"pitch,gym,mobile",assistance,,,TRUE
Backward Lunge Walk - DB,https://iamaspire.aspire.qa/ExerciseVideo/Backward Lunge Walk - DB.mp4,https://iamaspire.aspire.qa/ExerciseVideo/ExerciseThumbNailImage/11-Jun-2024_c9747e01-ceab-495c-990d-d451aa1e5b85.png,Chest out and squeeze the core. Back leg toes remain on the floor all time. Squeeze the back leg glute for the whole movement. Be nice and tall.,strength:general:con-ecc,strength:corrective:spine,ext-load-uni,squat,lower,strength:dumbbells:regular,,"pitch,gym,mobile",,,,FALSE
Backwards Sled Drag,https://iamaspire.aspire.qa/ExerciseVideo/Backwards Sled Drag.mp4,,"Hold sled handles. Step backward forcefully, staying low and driving through heels.",strength:general:concentric,strength:corrective:spine,ext-load-bil,pull,lower,strength:barbells:olympic,,"pitch,gym",,,,FALSE
Ball Half Kneeling Knee Ext,https://iamaspire.aspire.qa/ExerciseVideo/Ball Half Kneeling Knee Ext.mp4,https://iamaspire.aspire.qa/ExerciseVideo/ExerciseThumbNailImage/11-Jun-2024_f29a3c0b-eeb3-4c1d-a057-9e4d88c7c97c.png,"Balancing on the ball. Extend front knee slowly, keeping torso upright and stable.",strength:corrective:balance,strength:corrective:spine,ext-load-uni,run,lower,bodyweight:pull-up-bar,,"pitch,gym,mobile",,,,FALSE
Ball Half Kneeling Knee Ext Reach,https://iamaspire.aspire.qa/ExerciseVideo/Ball Half Kneeling Knee Ext Reach.mp4,https://iamaspire.aspire.qa/ExerciseVideo/ExerciseThumbNailImage/11-Jun-2024_b1671f06-ea40-410b-a7ba-3b685ccbe0a0.png,Balancing on the ball. Leaning forward during knee extension for added core demand.,strength:corrective:balance,strength:corrective:spine,ext-load-uni,run,lower,free-weight:weightlifting-belt,,"pitch,gym,mobile",,,,FALSE
Ball Half Kneeling Knee Ext Taps,https://iamaspire.aspire.qa/ExerciseVideo/Ball Half Kneeling Knee Ext Taps.mp4,https://iamaspire.aspire.qa/ExerciseVideo/ExerciseThumbNailImage/11-Jun-2024_848b7d8a-f4eb-4455-b8fe-1e7115439199.png,"Balancing on the ball. Extend front leg, tapping heel to floor lightly with control.",strength:corrective:balance,strength:corrective:spine,ext-load-uni,squat,lower,bodyweight:pull-up-bar,,"pitch,gym,mobile",,,,FALSE
Ball Half Kneeling Knee Lift,https://iamaspire.aspire.qa/ExerciseVideo/Ball Half Kneeling Knee Lift.mp4,https://iamaspire.aspire.qa/ExerciseVideo/ExerciseThumbNailImage/11-Jun-2024_8db51471-977b-42ca-b33a-98610b9d3fe7.png,"Balancing on the ball. Lift front foot slightly off floor, engaging hips and core.",strength:corrective:balance,strength:corrective:spine,ext-load-uni,squat,lower,free-weight:external-load,,"pitch,gym,mobile",,,,FALSE
Ball Half Kneeling Knee Lift w Torsion,https://iamaspire.aspire.qa/ExerciseVideo/Ball Half Kneeling Knee Lift w Torsion.mp4,https://iamaspire.aspire.qa/ExerciseVideo/ExerciseThumbNailImage/11-Jun-2024_5b97333b-c7dc-46c4-939c-d49a04cb0047.png,Balancing on the ball. Lift knee and rotate trunk with ball for anti-rotation focus.,strength:corrective:balance,strength:corrective:spine,ext-load-uni,torsion,lower,free-weight:medicine-ball,,"pitch,gym,mobile",,,,FALSE
Ball Half Kneeling Side Taps,https://iamaspire.aspire.qa/ExerciseVideo/Ball Half Kneeling Side Taps.mp4,https://iamaspire.aspire.qa/ExerciseVideo/ExerciseThumbNailImage/11-Jun-2024_c1510ad1-036d-4b62-8b65-cfff4b69d3a7.png,"Balancing on the ball. Tap front foot side-to-side, keeping control and balance.",strength:corrective:balance,strength:corrective:spine,ext-load-uni,squat,lower,free-weight:weightlifting-belt,,"pitch,gym,mobile",,,,FALSE
Band Row w Partner - PB,https://iamaspire.aspire.qa/ExerciseVideo/Band Row w Partner - PB.mp4,,"Hold band with partner providing resistance. Row elbows back, squeezing shoulder blades.",strength:corrective:spine,strength:corrective:spine,ext-load-bil,pull,upper,free-weight:power-band,,"pitch,gym",,,,TRUE
Barbell Complex - BB,https://iamaspire.aspire.qa/ExerciseVideo/Barbell Complex - BB.mp4,,"Start with barbell. Perform a series (deadlift, clean, deep front squat, push press, row) without dropping the bar.",strength:general:con-ecc,strength:corrective:spine,ext-load-bil,,total,strength:kettlebells,,gym,,,,FALSE
Barbell Twist - BB,https://iamaspire.aspire.qa/ExerciseVideo/Barbell Twist - BB.mp4,,"Hold barbell on the back. Rotate torso side to side, feet planted, core tight.",strength:general:con-ecc,strength:corrective:spine,ext-load-bil,torsion,core,,,"gym,mobile",,,,FALSE
Bear Crawl [forward],https://iamaspire.aspire.qa/ExerciseVideo/Bear Crawl [forward].mp4,https://iamaspire.aspire.qa/ExerciseVideo/ExerciseThumbNailImage/11-Jun-2024_70ea200e-56e4-47e7-b36a-549292c00c52.png,Start on all fours and slightly lift your knees from the ground so they're at a 90-degree angle. Move one hand and the opposite foot forward while staying low to the ground. Switch sides|| moving the opposite hand and foot.,strength:corrective:spine,strength:corrective:spine,ext-load-bil,crawl,core,,,"pitch,gym,mobile",corrective,,,FALSE
Bear Position Knee Extension,https://iamaspire.aspire.qa/ExerciseVideo/Bear Position Knee Extension.mp4,https://iamaspire.aspire.qa/ExerciseVideo/ExerciseThumbNailImage/11-Jun-2024_0dfd0a66-2166-43fe-9b67-100ec636e7c3.png,Bear position. Extend one knee slowly while keeping back flat and hips stable.,strength:corrective:spine,strength:corrective:spine,ext-load-bil,crawl,core,strength:barbells:olympic,,"gym,pitch,mobile",,,,FALSE
Bear Position Knee Extension Jump,https://iamaspire.aspire.qa/ExerciseVideo/Bear Position Knee Extension Jump.mp4,https://iamaspire.aspire.qa/ExerciseVideo/ExerciseThumbNailImage/11-Jun-2024_058f1dee-fcb9-499c-b06f-2583d0b9e877.png,"Start in bear position. Extend knees, then jump explosively from that position.",strength:corrective:spine,strength:corrective:spine,ext-load-bil,crawl,lower,strength:barbells:trapbar,,"gym,pitch,mobile",assistance,linear,,FALSE
Bear Position SL Knee Extension w Kickback,https://iamaspire.aspire.qa/ExerciseVideo/Bear Position SL Knee Extension w Kickback.mp4,https://iamaspire.aspire.qa/ExerciseVideo/ExerciseThumbNailImage/11-Jun-2024_edeffdea-629e-407d-a30c-dc6d6bd2c26d.png,"Bear stance, one leg lifted. Extend support leg, kick back lifted leg.",strength:corrective:spine,strength:corrective:spine,ext-load-uni,crawl,core,strength:barbells:trapbar,,"gym,pitch,mobile",,,,FALSE
Bear Position to Extended Plank,https://iamaspire.aspire.qa/ExerciseVideo/Bear Position to Extended Plank.mp4,https://iamaspire.aspire.qa/ExerciseVideo/ExerciseThumbNailImage/11-Jun-2024_700d4dc1-2601-4310-87e1-18aaecfeee1d.png,"Begin in bear. Walk hands forward to extended plank, keeping hips controlled.",strength:corrective:spine,strength:corrective:spine,ext-load-bil,crawl,core,bodyweight:pull-up-bar,,"pitch,gym,mobile",,,,FALSE
Behind the Neck OHP - BB,https://iamaspire.aspire.qa/ExerciseVideo/Behind the Neck OHP - BB.mp4,https://iamaspire.aspire.qa/ExerciseVideo/ExerciseThumbNailImage/11-Jun-2024_d9df7886-990f-4239-a892-12f8d6d64fd6.png,"Barbell rests on the back. Press bar straight overhead, keeping chest tall and elbows under bar.",strength:general:con-ecc,strength:corrective:spine,ext-load-bil,press,upper,strength:kettlebells,,"gym,mobile",,,,FALSE
Bench Press - BB,https://iamaspire.aspire.qa/ExerciseVideo/Bench Press - BB.mp4,https://iamaspire.aspire.qa/ExerciseVideo/ExerciseThumbNailImage/11-Jun-2024_752573dc-0d54-4243-801d-c76b4e9fdadb.png,Keep the shoulder 45 degree when you lower the bar. Chest out and keep shoulder down and back. Legs push the ground.,strength:general:con-ecc,strength:corrective:spine,ext-load-bil,press,upper,strength:barbells:olympic,,"gym,mobile",,,,FALSE
Bench Press - DB,https://iamaspire.aspire.qa/ExerciseVideo/Bench Press - DB.mp4,,"Lie on bench holding dumbbells. Lower to chest, press up while stabilizing each arm.",strength:general:con-ecc,strength:corrective:spine,ext-load-bil,press,upper,bodyweight:pull-up-bar,,"gym,mobile",,,,FALSE
Bench Press [Top-Down Alt.] - DB,https://iamaspire.aspire.qa/ExerciseVideo/Bench Press [Top-Down Alt.] - DB.mp4,,Hold both dumbbells up. Alternate lowering one arm at a time to chest.,strength:general:con-ecc,strength:corrective:spine,ext-load-uni,press,upper,strength:smith,,"gym,mobile",,,,FALSE
Bent Over KB Lateral Swings - KB,https://iamaspire.aspire.qa/ExerciseVideo/Bent Over KB Lateral Swings - KB.mp4,https://iamaspire.aspire.qa/ExerciseVideo/ExerciseThumbNailImage/11-Jun-2024_5d6fbbeb-4a6d-4f46-9c17-a2f0e8adbfb7.png,"Hinge at hips, KB between legs. Swing side-to-side in controlled arc.",strength:corrective:spine,strength:corrective:spine,ext-load-bil,dl-hinge,"lower,core",functional:box,,"pitch,gym,mobile",,,,FALSE
Bent Over Row - BB,https://iamaspire.aspire.qa/ExerciseVideo/Bent Over Row - BB.mp4,https://iamaspire.aspire.qa/ExerciseVideo/ExerciseThumbNailImage/11-Jun-2024_2bb19959-7e36-4409-b2fd-dfd7f7f854b7.png,Chest out and keep back straight during movement. Drive elbows back. Put the bar down slowly.,strength:general:con-ecc,strength:corrective:spine,ext-load-bil,pull,upper,strength:barbells:olympic,,"gym,mobile",,,,FALSE
Bent Over Row - DB,https://iamaspire.aspire.qa/ExerciseVideo/Bent Over Row - DB.mp4,,Unlock your hips|| sending them backwards to hinge your torso forwards|| soften your knees a bit|| and row the dumbbell up|| while maintaining chest up and back straight,strength:general:con-ecc,strength:corrective:spine,ext-load-bil,pull,upper,functional:box,,"pitch,gym,mobile",,,,FALSE
Bent Over Rows - Partner,https://iamaspire.aspire.qa/ExerciseVideo/Bent Over Rows - Partner.mp4,,"Partner 1 in tall plank position, partner 2 holding the legs of partner 1 and rowing both arms simultaneously.",strength:general:con-ecc,strength:corrective:spine,ext-load-bil,pull,"upper,core",,,"pitch,gym",,,,FALSE
Biceps Curl - DB,https://iamaspire.aspire.qa/ExerciseVideo/Biceps Curl - DB.mp4,https://iamaspire.aspire.qa/ExerciseVideo/ExerciseThumbNailImage/11-Jun-2024_f6c384d8-7ffd-4cca-a46f-1d2a8d337451.png,Begin standing tall with your feet about hip-width apart. Keep your upper arms stable and shoulders relaxed|| bend at the elbow and lift the weights so that the dumbbells approach your shoulders.,strength:general:con-ecc,strength:corrective:spine,ext-load-uni,pull,upper,,,"pitch,gym,mobile",,,,FALSE
Big Rope Challenge,,,,strength:general:concentric,strength:corrective:spine,ext-load-bil,,,free-weight:medicine-ball,,,,,,FALSE
Bike,https://iamaspire.aspire.qa/ExerciseVideo/Bike.mp4,https://iamaspire.aspire.qa/ExerciseVideo/ExerciseThumbNailImage/11-Jun-2024_21a0e107-937e-4574-8201-bb0453ef82bc.png,Keep a constant rythem. Breath in through your nose. Breath out through your mouth.,endurance:aerobic-capacity,strength:corrective:spine,ext-load-bil,,lower,,,"gym,mobile",,,,FALSE
Bird-Dog,https://iamaspire.aspire.qa/ExerciseVideo/Bird-Dog.mp4,https://iamaspire.aspire.qa/ExerciseVideo/ExerciseThumbNailImage/11-Jun-2024_b4708557-fd43-417e-8c68-a687046d2c08.png,Push the floor with the hands to activate upper back. Squeezing the core muscle. Move slowly to avoid any movement of the trunk.,strength:corrective:spine,strength:corrective:spine,ext-load-bil,torsion,,bodyweight:pull-up-bar,,"pitch,gym,mobile",corrective,,,FALSE
Bow & Arrow,https://iamaspire.aspire.qa/ExerciseVideo/,,,competition,strength:corrective:spine,ext-load-bil,,total,,,,,,,TRUE
Bowling - KB,https://iamaspire.aspire.qa/ExerciseVideo/Bowling - KB.mp4,https://iamaspire.aspire.qa/ExerciseVideo/ExerciseThumbNailImage/11-Jun-2024_47c2df88-f66a-41f5-8deb-7678cc678bd3.png,Stand with KB in one hand. Perform a controlled forward lunge and underhand KB roll.,coordination:balance,strength:corrective:spine,ext-load-uni,squat,"total,core",functional:keiser,,"pitch,gym,mobile",,,,FALSE
Boxing,,,,endurance:aerobic-capacity,strength:corrective:spine,ext-load-bil,,,,,,,,,FALSE
Bretzel Stretch,https://iamaspire.aspire.qa/ExerciseVideo/Bretzel Stretch.mp4,https://iamaspire.aspire.qa/ExerciseVideo/ExerciseThumbNailImage/11-Jun-2024_47dc3c79-1cf8-4871-a89a-48e5ca94a0f2.png,Squeeze the glute of the back leg. Push the floor with the knee. Breath out during thoracic rotation. Hold at maximum point of tension for 5 seconds.,rom:flexibility:passive-stretching,strength:corrective:spine,ext-load-uni,,total,,,"pitch,gym,mobile",,,,FALSE
Broad Jump,https://iamaspire.aspire.qa/ExerciseVideo/Broad Jump.mp4,https://iamaspire.aspire.qa/ExerciseVideo/ExerciseThumbNailImage/11-Jun-2024_eb6a32ea-bed3-46c9-834b-15cb62fd71a3.png,Chest out and squeeze the core. Align hip|| knee and feet. Focus to push the ground as powerful as you can. Soft landing and push the knee out.,strength:power:jumping,strength:power:jumping,ext-load-bil,squat,lower,bodyweight:pull-up-bar,,"gym,pitch,mobile",supplemental,linear,,FALSE
Broad Jump - OJ,https://iamaspire.aspire.qa/ExerciseVideo/Broad Jump - OJ.mp4,,Trunk lean forward|| hip and knee semi-flexed. Chest out and squeeze the core while moving. Focus on the full extension of the knees in the air.,strength:power:jumping,strength:power:jumping,ext-load-bil,jump,lower,free-weight:medicine-ball,bipedal,"gym,pitch,mobile",,linear,,FALSE
Broad Jump [Continuous],https://iamaspire.aspire.qa/ExerciseVideo/Broad Jump [Continuous].mp4,,Trunk lean forward|| hip and knee semi-flexed. Chest out and squeeze the core while moving. Focus on the full extension of the knees in the air.,strength:power:jumping,strength:power:jumping,ext-load-bil,jump,lower,strength:dumbbells:regular,bipedal,"gym,pitch,mobile",,linear,,FALSE
Broad Jump [SL landing],https://iamaspire.aspire.qa/ExerciseVideo/Broad Jump [SL landing].mp4,https://iamaspire.aspire.qa/ExerciseVideo/ExerciseThumbNailImage/11-Jun-2024_b8a52283-77aa-417e-9167-e937c04d7c48.png,Trunk lean forward|| hip and knee semi-flexed. Chest out and squeeze the core while moving. Focus on the full extension of the knees in the air.,strength:power:jumping,strength:power:jumping,ext-load-bil,jump,lower,bodyweight:pull-up-bar,bipedal,"pitch,gym,mobile",,,,FALSE
Bulgarian Split Squat - DB,https://iamaspire.aspire.qa/ExerciseVideo/Bulgarian Split Squat - DB.mp4,https://iamaspire.aspire.qa/ExerciseVideo/ExerciseThumbNailImage/11-Jun-2024_c4ea1bb6-fe18-43fd-af2d-873276051cdb.png,"Trunk lean forward, hip and knee semi-flexed. Chest out and squeeze the core while moving ,look forward.",strength:general:con-ecc,strength:corrective:spine,ext-load-uni,squat,lower,,bipedal,"pitch,gym,mobile",supplemental,,,FALSE
Burpees,https://iamaspire.aspire.qa/ExerciseVideo/Burpees.mp4,https://iamaspire.aspire.qa/ExerciseVideo/ExerciseThumbNailImage/11-Jun-2024_b5231a33-48bf-47b2-9729-e86caedc04f7.png,Start with one push up. Then jump forward with both legs to a standing position and directly jump up.,strength:power:jumping,strength:corrective:spine,ext-load-bil,primitive,total,bodyweight:pull-up-bar,bilateral,"pitch,gym,mobile",,,,FALSE
Calf Raise - BW,https://iamaspire.aspire.qa/ExerciseVideo/Calf Raise - BW.mp4,https://iamaspire.aspire.qa/ExerciseVideo/ExerciseThumbNailImage/11-Jun-2024_77b09983-e99a-4577-8bea-0e64a8059b5a.png,Chest out and squeeze the core. Push with the big toe the floor to raise the heel. Keep the ankle-foot in a neutral position.,strength:general:con-ecc,strength:corrective:spine,ext-load-bil,push,lower,bodyweight:pull-up-bar,bilateral,gym,,,,FALSE
Calf Raise - SM,https://iamaspire.aspire.qa/ExerciseVideo/Calf Raise - SM.mp4,,squeeze the core. Push with the big toe the floor to raise the heel. Keep the ankle-foot in a neutral position.,strength:general:con-ecc,strength:corrective:spine,ext-load-bil,run,lower,,bilateral,gym,,,,FALSE
Calf Raise [KneeExt] - TG,https://iamaspire.aspire.qa/ExerciseVideo/Calf Raise [KneeExt] - TG.mp4,,squeeze the core. Push with the big toe the floor to raise the heel. Keep the ankle-foot in a neutral position.,strength:general:con-ecc,strength:corrective:spine,ext-load-bil,squat,lower,strength:barbells:olympic,bilateral,gym,assistance,,,FALSE
Calf Raises - KS,https://iamaspire.aspire.qa/ExerciseVideo/Calf Raises - KS.mp4,https://iamaspire.aspire.qa/ExerciseVideo/ExerciseThumbNailImage/11-Jun-2024_d9e01c52-2ef3-49de-b73a-3782ed5822d6.png,squeeze the core. Push with the big toe the floor to raise the heel. Keep the ankle-foot in a neutral position.,strength:general:con-ecc,strength:corrective:spine,ext-load-bil,push,lower,,bilateral,gym,,,,FALSE
Candle Reach,https://iamaspire.aspire.qa/ExerciseVideo/Candle Reach.mp4,https://iamaspire.aspire.qa/ExerciseVideo/ExerciseThumbNailImage/11-Jun-2024_09e22381-df14-4c2c-b2c6-9c9a61122f1d.png,squeeze the core ..push with the toes to the air.,strength:general:con-ecc,strength:corrective:spine,ext-load-bil,torsion,core,strength:barbells:olympic,bilateral,"pitch,gym,mobile",,,,FALSE
Carioca Lunge - BW,https://iamaspire.aspire.qa/ExerciseVideo/Carioca Lunge - BW.mp4,https://iamaspire.aspire.qa/ExerciseVideo/ExerciseThumbNailImage/11-Jun-2024_f8edd2f9-a048-49af-952a-5026c0f8fbb1.png,"Trunk lean forward, hip and knee semi-flexed. Chest out and squeeze the core while moving ,look forward.",strength:general:con-ecc,strength:corrective:spine,ext-load-bil,squat,lower,strength:dumbbells:regular,monopedal,"pitch,gym,mobile",,,,FALSE
Carioca Lunge Balance - FW[V12],https://iamaspire.aspire.qa/ExerciseVideo/Carioca Lunge Balance - FW[V12].mp4,https://iamaspire.aspire.qa/ExerciseVideo/ExerciseThumbNailImage/11-Jun-2024_637580b6-fdeb-4954-b4d7-12b8a6862771.png,"Trunk lean forward, hip and knee semi-flexed. Chest out and squeeze the core while moving ,look forward.",strength:general:con-ecc,strength:corrective:spine,ext-load-uni,squat,lower,strength:dumbbells:regular,monopedal,"pitch,gym,mobile",,,,FALSE
Carioca Lunge Step Down - FW[V12],https://iamaspire.aspire.qa/ExerciseVideo/Carioca Lunge Step Down - FW[V12].mp4,https://iamaspire.aspire.qa/ExerciseVideo/ExerciseThumbNailImage/11-Jun-2024_64b78cc2-b4ba-4e1b-8ee3-a9b1f7da9d2d.png,"Trunk lean forward, hip and knee semi-flexed. Chest out and squeeze the core while moving ,look forward.",strength:general:con-ecc,strength:corrective:spine,ext-load-uni,squat,lower,free-weight:external-load,monopedal,"pitch,gym,mobile",,,,FALSE
Carioca Squat - BW,https://iamaspire.aspire.qa/ExerciseVideo/Carioca Squat - BW.mp4,https://iamaspire.aspire.qa/ExerciseVideo/ExerciseThumbNailImage/11-Jun-2024_5b73364b-0650-466e-9754-f5d3ef565a99.png,"Trunk lean forward, hip and knee semi-flexed. Chest out and squeeze the core while moving ,look forward.",strength:general:con-ecc,strength:corrective:spine,ext-load-uni,squat,lower,strength:barbells:olympic,monopedal,"gym,pitch,mobile",assistance,,,FALSE
Caterpillar Walk,https://iamaspire.aspire.qa/ExerciseVideo/Caterpillar Walk.mp4,https://iamaspire.aspire.qa/ExerciseVideo/ExerciseThumbNailImage/11-Jun-2024_da4a5898-1f5f-40fd-ac27-efcec7bec91a.png,Keep the leg fully extended. Squeeze the glute while walk with your hands controlled. Once the arms are extended|| start to walk with your feet.,strength:corrective:spine,strength:corrective:spine,ext-load-bil,primitive,total,bodyweight:pull-up-bar,quadruped,"pitch,gym,mobile",,,,TRUE
Chest Fly - KS,https://iamaspire.aspire.qa/ExerciseVideo/Chest Fly - KS.mp4,https://iamaspire.aspire.qa/ExerciseVideo/ExerciseThumbNailImage/11-Jun-2024_44faccb5-214c-4579-ba96-c525279c66c9.png,"Chest out, one leg advanced to other, try to push as fast as you can",strength:general:con-ecc,strength:corrective:spine,ext-load-bil,press,upper,free-weight:weightlifting-belt,bilateral,gym,,,,FALSE
Chest Press Throws to Wall - MB,https://iamaspire.aspire.qa/ExerciseVideo/Chest Press Throws to Wall - MB.mp4,https://iamaspire.aspire.qa/ExerciseVideo/ExerciseThumbNailImage/11-Jun-2024_89d4c6cd-f26e-4656-b8d1-3e63915664b6.png,"Chest out ,squeeze the core while moving ,and trough and catch the ball as fast and strong that you can.",strength:general:con-ecc,strength:corrective:spine,ext-load-bil,press,upper,functional:partner,bilateral,gym,,,,FALSE
Chin Up,https://iamaspire.aspire.qa/ExerciseVideo/Chin Up.mp4,https://iamaspire.aspire.qa/ExerciseVideo/ExerciseThumbNailImage/11-Jun-2024_ff287cde-1bbc-4c09-9eb3-b647992f57c1.png,Chest out and squeeze the core. Avoid movement of the legs. Lower the body slowly and fully extend the elbow.,strength:general:con-ecc,strength:corrective:spine,ext-load-bil,pull,"upper,core",bodyweight:pull-up-bar,bilateral,gym,,,,FALSE
Chin Up [ECC],https://iamaspire.aspire.qa/ExerciseVideo/Chin Up [ECC].mp4,https://iamaspire.aspire.qa/ExerciseVideo/ExerciseThumbNailImage/11-Jun-2024_dfabcf7c-f1c4-4b26-a136-9f4030fffce8.png,Chest out and squeeze the core. Avoid movement of the legs. Lower the body slowly and fully extend the elbow.,strength:general:eccentric,strength:corrective:spine,ext-load-bil,pull,"upper,core",bodyweight:pull-up-bar,bilateral,gym,,,,FALSE
Chin Up [ISO hold],https://iamaspire.aspire.qa/ExerciseVideo/Chin Up [ISO hold].mp4,https://iamaspire.aspire.qa/ExerciseVideo/ExerciseThumbNailImage/11-Jun-2024_95188665-d599-4593-a542-ba319d216d13.png,Chest out and squeeze the core. Avoid movement of the legs. Hold for 5 seconds at each point.,strength:general:isometric,strength:corrective:spine,ext-load-bil,pull,"upper,core",bodyweight:pull-up-bar,bilateral,gym,,,,FALSE
CMJ,https://iamaspire.aspire.qa/ExerciseVideo/CMJ.mp4,https://iamaspire.aspire.qa/ExerciseVideo/ExerciseThumbNailImage/11-Jun-2024_959be852-320f-4170-9eba-598071c69f62.png,Trunk lean forward|| hip and knee semi-flexed. Chest out and squeeze the core while moving. Focus on the full extension of the knees in the air.,strength:power:jumping,strength:power:jumping,ext-load-bil,jump,"total,lower",bodyweight:pull-up-bar,bipedal,"pitch,gym,mobile",,,,FALSE
CMJ - BB,https://iamaspire.aspire.qa/ExerciseVideo/CMJ - BB.mp4,https://iamaspire.aspire.qa/ExerciseVideo/ExerciseThumbNailImage/11-Jun-2024_005cfb59-fcb1-41f7-8d38-6c077d6593ae.png,Trunk lean forward|| hip and knee semi-flexed. Chest out and squeeze the core while moving. Focus on the torsion in the air..,strength:power:jumping,strength:power:jumping,ext-load-bil,jump,lower,,bipedal,"pitch,gym,mobile",,,,FALSE
CMJ [continuous],https://iamaspire.aspire.qa/ExerciseVideo/CMJ [continuous].mp4,https://iamaspire.aspire.qa/ExerciseVideo/ExerciseThumbNailImage/11-Jun-2024_0911622c-dc59-4a2a-9d2a-2ef869ba3e3c.png,Trunk lean forward|| hip and knee semi-flexed. Chest out|| squeeze the core. Full extension of the knees in the air and quick contact with the floor.,strength:power:jumping,strength:power:jumping,ext-load-bil,jump,lower,functional:hurdle,bipedal,"pitch,gym,mobile",,,,FALSE
CMJ [HoH],https://iamaspire.aspire.qa/ExerciseVideo/CMJ [HoH].mp4,,Trunk lean forward|| hip and knee semi-flexed. Chest out and squeeze the core while moving. Focus on the full extension of the knees in the air.,strength:power:jumping,strength:power:jumping,ext-load-bil,jump,lower,functional:keiser,bipedal,"pitch,gym,mobile",,,,FALSE
CMJ [HoH] - OJ,https://iamaspire.aspire.qa/ExerciseVideo/CMJ [HoH] - OJ.mp4,,Trunk lean forward|| hip and knee semi-flexed. Chest out and squeeze the core while moving. Focus on the full extension of the knees in the air.,strength:power:jumping,strength:power:jumping,ext-load-bil,jump,lower,bodyweight:pull-up-bar,bipedal,"pitch,gym,mobile",,,,FALSE
CMJ [horizontal],https://iamaspire.aspire.qa/ExerciseVideo/CMJ [horizontal].mp4,https://iamaspire.aspire.qa/ExerciseVideo/ExerciseThumbNailImage/11-Jun-2024_82fedbb4-fc1d-4fc1-895b-9ed1adb7141c.png,Trunk lean forward|| hip and knee semi-flexed. Chest out|| squeeze the core. Full extension of the knees in the air and quick contact with the floor.,strength:power:jumping,strength:power:jumping,ext-load-bil,jump,lower,bodyweight:pull-up-bar,bipedal,"pitch,gym,mobile",,,,FALSE
CMJ 180°,https://iamaspire.aspire.qa/ExerciseVideo/CMJ 180°.mp4,https://iamaspire.aspire.qa/ExerciseVideo/ExerciseThumbNailImage/11-Jun-2024_89938b0b-91d9-4ba3-8bf5-f01e59399e7d.png,Trunk lean forward|| hip and knee semi-flexed. Chest out and squeeze the core while moving. Focus on the full extension of the knees in the air.,strength:power:jumping,strength:power:jumping,ext-load-bil,jump,lower,bodyweight:pull-up-bar,bipedal,"pitch,gym,mobile",,,,FALSE
CMJ 90°,https://iamaspire.aspire.qa/ExerciseVideo/CMJ 90°.mp4,https://iamaspire.aspire.qa/ExerciseVideo/ExerciseThumbNailImage/11-Jun-2024_3262d22f-6549-41d9-b376-e04bc9adbcd1.png,From an upright standing position|| starts to downward the movement by flexing at the knees and hips|| then immediately extends the knees and hips again to jump vertically up off the ground and rotate to the left/right side to land and stick,strength:power:jumping,strength:power:jumping,ext-load-bil,jump,lower,bodyweight:pull-up-bar,bipedal,"pitch,gym,mobile",,,,FALSE
CMJ over Hurdles,https://iamaspire.aspire.qa/ExerciseVideo/CMJ over Hurdles.mp4,https://iamaspire.aspire.qa/ExerciseVideo/ExerciseThumbNailImage/11-Jun-2024_0a5dbaa5-ef18-4f8e-b3e6-8330d768225e.png,Trunk lean forward|| hip and knee semi-flexed. Chest out|| squeeze the core. Full extension of the knees in the air and quick contact with the floor.,strength:power:jumping,strength:power:jumping,ext-load-bil,jump,lower,bodyweight:pull-up-bar,bipedal,"pitch,gym,mobile",,,,FALSE
CMJ Test - FD,https://iamaspire.aspire.qa/ExerciseVideo/,,,strength:power:jumping,strength:power:jumping,ext-load-bil,jump,lower,,bipedal,gym,,,,FALSE
CMJ to Box,https://iamaspire.aspire.qa/ExerciseVideo/CMJ to Box.mp4,https://iamaspire.aspire.qa/ExerciseVideo/ExerciseThumbNailImage/11-Jun-2024_59ca0150-4a6b-4149-8c79-9a3ac453c765.png,Trunk lean forward|| hip and knee semi-flexed. Chest out and squeeze the core while moving. Focus on the full extension of the knees in the air.,strength:power:jumping,strength:power:jumping,ext-load-bil,jump,lower,bodyweight:pull-up-bar,bipedal,"pitch,gym,mobile",,,,FALSE
Cossack Squat - BW,https://iamaspire.aspire.qa/ExerciseVideo/Cossack Squat - BW.mp4,,Trunk lean forward|| hip and knee semi-flexed. Chest out and squeeze the core while moving. Focus on the lateral extension of the leg.,strength:general:con-ecc,strength:corrective:spine,ext-load-uni,squat,lower,bodyweight:pull-up-bar,monopedal,"pitch,gym,mobile",,,,FALSE
Crab Walk,https://iamaspire.aspire.qa/ExerciseVideo/Crab Walk.mp4,https://iamaspire.aspire.qa/ExerciseVideo/ExerciseThumbNailImage/11-Jun-2024_2dc47b3a-d9c8-4842-9756-76a25ed2a39d.png,Engage the core muscle and keep the back flat. Focus on the hips being off the ground. Face the sky.,strength:corrective:spine,strength:corrective:spine,ext-load-bil,primitive,"total,core",bodyweight:pull-up-bar,quadruped,"pitch,gym,mobile",,,,FALSE
Cross Trainer Machine,https://iamaspire.aspire.qa/ExerciseVideo/Cross Trainer Machine.mp4,https://iamaspire.aspire.qa/ExerciseVideo/ExerciseThumbNailImage/11-Jun-2024_8658a81c-9eb7-42e6-8354-f8d108c9861d.png,Keep a constant rythem. Breath in through your nose. Breath out through your mouth.,endurance:aerobic-capacity,strength:corrective:spine,ext-load-bil,run,upper,,bilateral,"pitch,gym,mobile",,,,FALSE
Crossover & Side Step Back(Arm) - FW[V12],https://iamaspire.aspire.qa/ExerciseVideo/Crossover & Side Step Back(Arm) - FW[V12].mp4,https://iamaspire.aspire.qa/ExerciseVideo/ExerciseThumbNailImage/11-Jun-2024_b5a7e2a9-dd6d-4c87-b33c-b81e95888824.png,"squeeze the core while moving, do it as fast as you can.",strength:power:fast-general,strength:corrective:spine,ext-load-uni,torsion,upper,bodyweight:pull-up-bar,bilateral,gym,,,,FALSE
Crossover Step to Box(Arm) - FW[V12],https://iamaspire.aspire.qa/ExerciseVideo/Crossover Step to Box(Arm) - FW[V12].mp4,https://iamaspire.aspire.qa/ExerciseVideo/ExerciseThumbNailImage/11-Jun-2024_5a033fc0-8bc3-4f93-8474-86c3f5fed97a.png,"squeeze the core while moving, do it as fast as you can.",strength:power:fast-general,strength:corrective:spine,ext-load-uni,torsion,total,bodyweight:pull-up-bar,bilateral,gym,,,,FALSE
Dead Hang Hold,https://iamaspire.aspire.qa/ExerciseVideo/Dead Hang Hold.mp4,,"squeeze the core ,look forward.",strength:general:isometric,strength:corrective:spine,ext-load-bil,press,"upper,core",,bilateral,"pitch,gym,mobile",,,,FALSE
Deadbug,https://iamaspire.aspire.qa/ExerciseVideo/Deadbug.mp4,https://iamaspire.aspire.qa/ExerciseVideo/ExerciseThumbNailImage/11-Jun-2024_240c0a14-a49d-4b57-9322-f5540f232bcc.png,Chest out|| keep lower back flat on the ground during whole movement. Breath out long and steady while the leg extension.,strength:corrective:spine,strength:corrective:spine,ext-load-bil,primitive,core,bodyweight:pull-up-bar,bilateral,"pitch,gym,mobile",assistance,,,FALSE
Deadbug - KB SA OH,https://iamaspire.aspire.qa/ExerciseVideo/Deadbug - KB SA OH.mp4,https://iamaspire.aspire.qa/ExerciseVideo/ExerciseThumbNailImage/11-Jun-2024_96433fdc-86de-498f-b4aa-ab4c579b3fd5.png,Chest out|| keep lower back flat on the ground during whole movement. Breath out long and steady while the leg extension.,strength:corrective:spine,strength:corrective:spine,ext-load-uni,primitive,core,free-weight:medicine-ball,bilateral,"pitch,gym,mobile",assistance,,,FALSE
Deadbug [Weighted Arms],https://iamaspire.aspire.qa/ExerciseVideo/Deadbug [Weighted Arms].mp4,https://iamaspire.aspire.qa/ExerciseVideo/ExerciseThumbNailImage/11-Jun-2024_68579124-56e9-45d6-84e6-b85026d2f961.png,Chest out|| keep lower back flat on the ground during whole movement. Breath out long and steady while the leg extension.,strength:corrective:spine,strength:corrective:spine,ext-load-bil,dl-hinge,core,free-weight:medicine-ball,bilateral,"pitch,gym,mobile",,,,FALSE
Deadbug Barrel Roll,https://iamaspire.aspire.qa/ExerciseVideo/Deadbug Barrel Roll.mp4,https://iamaspire.aspire.qa/ExerciseVideo/ExerciseThumbNailImage/11-Jun-2024_d665a2aa-b1ef-49ec-91db-02420697b8fe.png,Push your hands against the knees all time. Keep shoulder and hip square while you move. Chest out and squeeze to avoid rotation.,strength:corrective:spine,strength:corrective:spine,ext-load-bil,dl-hinge,core,bodyweight:pull-up-bar,bilateral,"pitch,gym,mobile",,,,FALSE
Deadbug Plate Pullover w MB ADD Squeeze - DI,https://iamaspire.aspire.qa/ExerciseVideo/Deadbug Plate Pullover w MB ADD Squeeze - DI.mp4,https://iamaspire.aspire.qa/ExerciseVideo/ExerciseThumbNailImage/11-Jun-2024_86eb5ca1-e456-465b-bdf8-2cb453422b7e.png,Chest out| keep lower back flat on the ground. Squeeze the ball between your knees while the arms extension. Breath out while the arm extension.,strength:corrective:spine,strength:corrective:spine,ext-load-bil,dl-hinge,core,free-weight:medicine-ball,bilateral,"pitch,gym,mobile",,,,FALSE
Deadbug Roll,https://iamaspire.aspire.qa/ExerciseVideo/Deadbug Roll.mp4,https://iamaspire.aspire.qa/ExerciseVideo/ExerciseThumbNailImage/11-Jun-2024_6f0e2884-5fae-4925-9400-e9832eb885f7.png,Chest out keep lower back flat on the ground during whole movement. Breath out long and steady while the torsion.,strength:corrective:spine,strength:corrective:spine,ext-load-bil,dl-hinge,core,bodyweight:pull-up-bar,bilateral,"pitch,gym,mobile",,,,FALSE
Deadbug SL Extension,https://iamaspire.aspire.qa/ExerciseVideo/Deadbug SL Extension.mp4,https://iamaspire.aspire.qa/ExerciseVideo/ExerciseThumbNailImage/11-Jun-2024_d21e293b-33ec-4239-a9de-02f40dd0e667.png,Chest out|| keep lower back flat on the ground. Slowly extend the leg/arms and keep in position for few second. Breath out while the leg extension.,strength:corrective:spine,strength:corrective:spine,ext-load-uni,dl-hinge,core,bodyweight:pull-up-bar,bilateral,"pitch,gym,mobile",,,,FALSE
Deadbug SL Extension - Miniband,https://iamaspire.aspire.qa/ExerciseVideo/Deadbug SL Extension - Miniband.mp4,https://iamaspire.aspire.qa/ExerciseVideo/ExerciseThumbNailImage/11-Jun-2024_bb4d1b87-58b9-4531-a821-f63abd29f0a2.png,Chest out|| keep lower back flat on the ground. Slowly extend the leg/arms and keep in position for few second. Breath out while the leg extension.,strength:corrective:spine,strength:corrective:spine,ext-load-uni,dl-hinge,core,free-weight:resistance-bands,bilateral,"pitch,gym,mobile",,,,FALSE
Deadlift - BB,https://iamaspire.aspire.qa/ExerciseVideo/Deadlift - BB.mp4,https://iamaspire.aspire.qa/ExerciseVideo/ExerciseThumbNailImage/11-Jun-2024_031a4de3-228d-44d5-91b7-d21a008884e9.png,,strength:general:con-ecc,strength:corrective:spine,ext-load-bil,dl-hinge,total,strength:barbells:olympic,,gym,,,,FALSE
Deadlift - KB,https://iamaspire.aspire.qa/ExerciseVideo/Deadlift - KB.mp4,,,strength:general:con-ecc,strength:corrective:spine,ext-load-bil,dl-hinge,total,bodyweight:pull-up-bar,,gym,assistance,,,FALSE
Deadlift - TB,https://iamaspire.aspire.qa/ExerciseVideo/Deadlift - TB.mp4,,,strength:general:con-ecc,strength:corrective:spine,ext-load-bil,dl-hinge,total,strength:barbells:olympic,,gym,supplemental,,,FALSE
Deadlift + RDL Combo - BB,https://iamaspire.aspire.qa/ExerciseVideo/DeadliftRDLCombo-BB.mp4,,"Standing position, chest out, catch the bar like if you go to seat on the chair, push up with the bar very near to the body always.",strength:general:con-ecc,strength:corrective:spine,ext-load-bil,dl-hinge,"total,core",bodyweight:pull-up-bar,bilateral,gym,supplemental,,,FALSE
Decel + COD 180 - EC,https://iamaspire.aspire.qa/ExerciseVideo/DecelCOD180-EC.mp4,https://iamaspire.aspire.qa/ExerciseVideo/ExerciseThumbNailImage/11-Jun-2024_f8e9ba4f-551e-4e4e-9e27-01b35bdcf3af.png,Accelerate with elastic cord assistance and perform elastic cord resisted 180-degree pivot turn. Approach with optimal speed and turn with full effort.,strength:corrective:spine,strength:corrective:spine,ext-load-uni,,,free-weight:power-band,,,,,,TRUE
Deep Back Squat - BB,https://iamaspire.aspire.qa/ExerciseVideo/Deep Back Squat - BB.mp4,https://iamaspire.aspire.qa/ExerciseVideo/ExerciseThumbNailImage/11-Jun-2024_e0da274a-dfc9-46a9-809b-e3d55a6ceead.png,Brace trunk and start flexing at the ankles|| knees and hips until thighs break parallel to the ground|| keep heels on the floor|| maintain a neutral spine position and ascent with powerful extension,strength:general:con-ecc,strength:corrective:spine,ext-load-bil,"squat, squat",lower,bodyweight:pull-up-bar,,gym,supplemental,,,FALSE
Deep Squat Backward Walk,https://iamaspire.aspire.qa/ExerciseVideo/Deep Squat Backward Walk.mp4,https://iamaspire.aspire.qa/ExerciseVideo/ExerciseThumbNailImage/11-Jun-2024_582a1dd0-98f9-4d1b-9f6a-fa5fec145e5b.png,,strength:corrective:spine,strength:corrective:spine,ext-load-uni,squat,lower,bodyweight:pull-up-bar,,"gym,pitch,mobile",assistance,,,TRUE
Deep Squat Forward Walk,https://iamaspire.aspire.qa/ExerciseVideo/Deep Squat Forward Walk.mp4,https://iamaspire.aspire.qa/ExerciseVideo/ExerciseThumbNailImage/11-Jun-2024_5df61df4-acee-486b-86c4-e571147fa107.png,,strength:corrective:spine,strength:corrective:spine,ext-load-uni,squat,lower,bodyweight:pull-up-bar,,"gym,pitch,mobile",assistance,,,TRUE
Deep Squat Lateral Walk,https://iamaspire.aspire.qa/ExerciseVideo/Deep Squat Lateral Walk.mp4,https://iamaspire.aspire.qa/ExerciseVideo/ExerciseThumbNailImage/11-Jun-2024_7b48d47c-86aa-4c68-afee-cea9b2ae43c4.png,,strength:corrective:spine,strength:corrective:spine,ext-load-uni,squat,lower,bodyweight:pull-up-bar,,"gym,pitch,mobile",assistance,,,TRUE
Diagonal Rollout - Landmine,https://iamaspire.aspire.qa/ExerciseVideo/Diagonal Rollout - Landmine.mp4,,,strength:corrective:spine,strength:corrective:spine,ext-load-bil,,core,bodyweight:pull-up-bar,,"pitch,gym,mobile",assistance,,,TRUE
DJ [HoH] - Box,https://iamaspire.aspire.qa/ExerciseVideo/DJ [HoH] - Box.mp4,https://iamaspire.aspire.qa/ExerciseVideo/ExerciseThumbNailImage/11-Jun-2024_185b4546-83f8-49b6-8596-81db3da47eca.png,Trunk lean forward|| hip and knee semi-flexed. Chest out|| squeeze the core while moving. Quick contact with the floor and explosive extension of knees.,strength:power:jumping,strength:corrective:spine,ext-load-bil,jump,"lower,lower",bodyweight:pull-up-bar,bilateral,"gym,gym,pitch,mobile",supplemental,linear,,FALSE
DJ + Hurdle & Cut Accel,https://iamaspire.aspire.qa/ExerciseVideo/DJHurdle&CutAccel.mp4,https://iamaspire.aspire.qa/ExerciseVideo/ExerciseThumbNailImage/11-Jun-2024_c1d04a63-a2e2-4e42-9900-2d6d232172d3.png,Jump off the box and rebound over the hurdle and accelerate diagonal with cutting manoeuvre. Maximize stiffness during ground contacts.,strength:power:jumping,strength:corrective:spine,ext-load-bil,jump,lower,strength:dumbbells:regular,bilateral,gym,supplemental,linear,,FALSE
DJ to Box,https://iamaspire.aspire.qa/ExerciseVideo/DJ to Box.mp4,,Trunk lean forward|| hip and knee semi-flexed. Chest out|| squeeze the core while moving. Quick contact with the floor and explosive extension of knees,strength:power:jumping,strength:corrective:spine,ext-load-bil,squat,upper,,bilateral,"pitch,gym,mobile",,,,FALSE
DJ to Broad Jump,https://iamaspire.aspire.qa/ExerciseVideo/DJ to Broad Jump.mp4,https://iamaspire.aspire.qa/ExerciseVideo/ExerciseThumbNailImage/11-Jun-2024_4d2029bb-0649-4521-89a2-8ee93a469492.png,Trunk lean forward|| hip and knee semi-flexed. Chest out|| squeeze the core while moving. Quick contact with the floor and explosive extension of knees.,strength:power:jumping,strength:corrective:spine,ext-load-bil,squat,lower,,bilateral,gym,assistance,linear,,FALSE
DJ to Lateral Bound [stick],https://iamaspire.aspire.qa/ExerciseVideo/DJ to Lateral Bound [stick].mp4,,Trunk lean forward|| hip and knee semi-flexed. Chest out|| squeeze the core while moving. Quick contact with the floor and explosive extension of knees,strength:corrective:ankle,strength:corrective:spine,ext-load-uni,squat,lower,free-weight:medicine-ball,bilateral,"pitch,gym,mobile",,,,FALSE
Donkey Calf Raises - BW,https://iamaspire.aspire.qa/ExerciseVideo/Donkey Calf Raises - BW.mp4,https://iamaspire.aspire.qa/ExerciseVideo/ExerciseThumbNailImage/11-Jun-2024_a6dbbd41-9c81-4761-9cee-2a9d8d0d78cb.png,,rom:flexibility:passive-stretching,strength:corrective:spine,ext-load-bil,,,bodyweight:pull-up-bar,,"pitch,gym,mobile",assistance,,,TRUE
Downward Dog Stretch,https://iamaspire.aspire.qa/ExerciseVideo/Downward Dog Stretch.mp4,https://iamaspire.aspire.qa/ExerciseVideo/ExerciseThumbNailImage/11-Jun-2024_ec6e83d9-ea97-4086-b579-ef742faacda2.png,Head and back straight. Knees in full extension and heel on the floor. Breath out during the Stretching. Hold at maximum point of tension for 5 seconds.,strength:corrective:spine,strength:corrective:spine,ext-load-bil,,,,,"pitch,gym,mobile",,,,TRUE
Drop Squat,https://iamaspire.aspire.qa/ExerciseVideo/Drop Squat.mp4,https://iamaspire.aspire.qa/ExerciseVideo/ExerciseThumbNailImage/11-Jun-2024_ac2b8ae3-dae8-4531-9f73-45a0413291cb.png,Start with extension of full body|| ankle|| knee|| hip. Fast&Explosive Drop to cushion landing in base position. Base position: Trunk lean forward|| hip and knee semi-flexed.,strength:corrective:spine,strength:corrective:spine,ext-load-bil,squat,lower,bodyweight:pull-up-bar,,"gym,pitch,mobile",assistance,,,TRUE
Drop Squat from Box,https://iamaspire.aspire.qa/ExerciseVideo/Drop Squat from Box.mp4,https://iamaspire.aspire.qa/ExerciseVideo/ExerciseThumbNailImage/11-Jun-2024_3ef583cb-672f-4374-8392-272061e4fa32.png,Start with extension of full body|| ankle|| knee|| hip. Cushion landing in base position. Base position: Trunk lean forward|| hip and knee semi-flexed.,strength:corrective:spine,strength:corrective:spine,ext-load-bil,squat,lower,bodyweight:pull-up-bar,,"gym,pitch,mobile",assistance,,,TRUE
Dynamic Copenhagen [long lever],https://iamaspire.aspire.qa/ExerciseVideo/Dynamic Copenhagen [long lever].mp4,,Press through the top knee; keep hips elevated and square; lift and lower bottom leg in slow manner; maintain trunk tension.,strength:corrective:spine,strength:corrective:spine,ext-load-uni,,"lower,core",free-weight:power-band,,"pitch,gym,mobile",assistance,,,TRUE
Dynamic Copenhagen [short lever],https://iamaspire.aspire.qa/ExerciseVideo/Dynamic Copenhagen [short lever].mp4,,Press through the top ankle keep hips elevated and square; lift and lower bottom leg in slow manner; maintain trunk tension.,strength:corrective:spine,strength:corrective:spine,ext-load-uni,,"lower,core",free-weight:medicine-ball,,"pitch,gym,mobile",assistance,,,TRUE
Farmers Carry - TB,https://iamaspire.aspire.qa/ExerciseVideo/Farmers Carry - TB.mp4,https://iamaspire.aspire.qa/ExerciseVideo/ExerciseThumbNailImage/11-Jun-2024_965750ed-74eb-4ff0-97f1-e78e7edfdbb5.png,,strength:corrective:spine,strength:corrective:spine,,,,strength:kettlebells,,,,,,TRUE
Farmers Carry w Pelvic Lift - DB,https://iamaspire.aspire.qa/ExerciseVideo/Farmers Carry w Pelvic Lift - DB.mp4,https://iamaspire.aspire.qa/ExerciseVideo/ExerciseThumbNailImage/11-Jun-2024_26875b86-4710-4e94-9378-fa538e22abed.png,,strength:corrective:spine,strength:corrective:spine,,,,bodyweight:pull-up-bar,,,,,,TRUE
Forward Bounds [stick],https://iamaspire.aspire.qa/ExerciseVideo/Forward Bounds [stick].mp4,https://iamaspire.aspire.qa/ExerciseVideo/ExerciseThumbNailImage/11-Jun-2024_167b7e32-a675-4ba2-afa8-9d9780aac75d.png,Trunk lean forward|| hip & knee semi-flexed. Chest out|| squeeze the core. Push the ground with outside leg and inside edge. Land with the opposite leg.,strength:corrective:spine,strength:corrective:spine,,,,functional:box,,,,,,TRUE
Forward Box Step Up [H1] - BB,https://iamaspire.aspire.qa/ExerciseVideo/Forward Box Step Up [H1] - BB.mp4,,,strength:corrective:spine,strength:corrective:spine,ext-load-uni,,,functional:partner,,,,,,TRUE
Forward Box Step Up [H2] - DB,https://iamaspire.aspire.qa/ExerciseVideo/Forward Box Step Up [H2] - DB.mp4,,,strength:corrective:spine,strength:corrective:spine,ext-load-uni,,lower,,,"pitch,gym,mobile",supplemental,,,TRUE
Forward Box Step Up Accel - FW[V12],https://iamaspire.aspire.qa/ExerciseVideo/Forward Box Step Up Accel - FW[V12].mp4,https://iamaspire.aspire.qa/ExerciseVideo/ExerciseThumbNailImage/11-Jun-2024_76456789-224a-4d54-93c7-17ba07cb4f3e.png,,strength:corrective:spine,strength:corrective:spine,ext-load-uni,,,strength:dumbbells:regular,,,,,,TRUE
Forward Deceleration Step - FW[V12],https://iamaspire.aspire.qa/ExerciseVideo/Forward Deceleration Step - FW[V12].mp4,https://iamaspire.aspire.qa/ExerciseVideo/ExerciseThumbNailImage/11-Jun-2024_2da87506-552c-458f-ab73-ada0cfc99979.png,,strength:corrective:spine,strength:corrective:spine,ext-load-uni,,,functional:box,,,,,,TRUE
Forward Lunge - BB,https://iamaspire.aspire.qa/ExerciseVideo/Forward Lunge - BB.mp4,,,strength:corrective:spine,strength:corrective:spine,,,,,,,,,,TRUE
Forward Lunge - Partner Push,https://iamaspire.aspire.qa/ExerciseVideo/Forward Lunge - Partner Push.mp4,,,strength:corrective:spine,strength:corrective:spine,,,,bodyweight:pull-up-bar,,,,,,TRUE
Forward Lunge w Rotation,,,,strength:corrective:spine,strength:corrective:spine,,,,functional:box,,,,,,TRUE
Forward Quick Bound [stick],https://iamaspire.aspire.qa/ExerciseVideo/Forward Quick Bound [stick].mp4,https://iamaspire.aspire.qa/ExerciseVideo/ExerciseThumbNailImage/11-Jun-2024_cc70911c-3f9f-4c09-a98e-6b58bd83eba1.png,Trunk lean forward|| hip & knee semi-flexed. Chest out|| squeeze the core. Push the ground with outside leg and inside edge. Land with the opposite leg.,strength:corrective:spine,strength:corrective:spine,,,,,,,,,,TRUE
Forward-Backward Run Accels,https://iamaspire.aspire.qa/ExerciseVideo/Forward-Backward Run Accels.mp4,https://iamaspire.aspire.qa/ExerciseVideo/ExerciseThumbNailImage/11-Jun-2024_1a4aaf4e-576d-4eeb-b659-9bb0be67f018.png,Take quick steps forward and backwards|| changing direction as quickly as possible. Our shoulder need to move in front or behind our feet to help us move quickly in the desired direction.,strength:corrective:spine,strength:corrective:spine,,,,functional:trx,,,,,,TRUE
Front Plank,https://iamaspire.aspire.qa/ExerciseVideo/Front Plank.mp4,https://iamaspire.aspire.qa/ExerciseVideo/ExerciseThumbNailImage/11-Jun-2024_284edc7b-cf93-41b7-89ea-041a418087b3.png,Chest out and keep back straight. Actively squeeze core muscles. Avoid movement of the hip and trunk. Keep always a straight line head to heel.,strength:corrective:spine,strength:corrective:spine,ext-load-bil,crawl,core,bodyweight:pull-up-bar,,"gym,pitch,mobile",,,,TRUE
Front Plank [1 leg],https://iamaspire.aspire.qa/ExerciseVideo/Front Plank [1 leg].mp4,https://iamaspire.aspire.qa/ExerciseVideo/ExerciseThumbNailImage/11-Jun-2024_85540e72-e008-4bec-8829-b26e6f47b73c.png,Chest out and keep back straight. Actively squeeze core muscles. Avoid movement of the hip and trunk during movement.,strength:corrective:spine,strength:corrective:spine,ext-load-uni,crawl,core,bodyweight:pull-up-bar,,"gym,pitch,mobile",,,,TRUE
Front Plank to Pike Stretch,https://iamaspire.aspire.qa/ExerciseVideo/Front Plank to Pike Stretch.mp4,https://iamaspire.aspire.qa/ExerciseVideo/ExerciseThumbNailImage/11-Jun-2024_074ccba2-a9fc-4468-b0a4-a70db15693d4.png,Chest out|| move slowly and core strong. Keep back straight during movement. Hold in pike position for few seconds.,strength:corrective:spine,strength:corrective:spine,ext-load-bil,crawl,core,bodyweight:pull-up-bar,,"gym,pitch,mobile",,,,TRUE
Front Plank to Side Plank,https://iamaspire.aspire.qa/ExerciseVideo/Front Plank to Side Plank.mp4,https://iamaspire.aspire.qa/ExerciseVideo/ExerciseThumbNailImage/11-Jun-2024_5365df34-f695-4459-af31-2e4c4ec5e055.png,Chest out and keep back straight. Actively squeeze core muscles. Rotate trunk and hip in the same time. Keep always a straight line head to heel.,strength:corrective:spine,strength:corrective:spine,ext-load-uni,crawl,core,bodyweight:pull-up-bar,,"gym,pitch,mobile",,,,TRUE
Front Plank w Hip Extension - Miniband,https://iamaspire.aspire.qa/ExerciseVideo/Front Plank w Hip Extension - Miniband.mp4,https://iamaspire.aspire.qa/ExerciseVideo/ExerciseThumbNailImage/11-Jun-2024_77468c16-8db2-4e77-81cc-f007ac2ffb2c.png,Chest out and keep back straight. Actively squeeze core muscles. Avoid movement of the hip and trunk during movement.,strength:corrective:spine,strength:corrective:spine,ext-load-uni,crawl,core,free-weight:resistance-bands,,"gym,pitch",,,,TRUE
Front Plank w Knee Flexion,https://iamaspire.aspire.qa/ExerciseVideo/Front Plank w Knee Flexion.mp4,https://iamaspire.aspire.qa/ExerciseVideo/ExerciseThumbNailImage/11-Jun-2024_dbe24a89-7f21-4ae3-83bf-961e5e42b8d5.png,Chest out and actively squeeze core muscles. Avoid movement of the hip and trunk during movement||Feel the glute while extension.,strength:corrective:spine,strength:corrective:spine,ext-load-bil,crawl,,bodyweight:pull-up-bar,,"gym,pitch,mobile",,,,TRUE
Front Squat - BB,https://iamaspire.aspire.qa/ExerciseVideo/Front Squat - BB.mp4,,,strength:corrective:spine,strength:corrective:spine,ext-load-bil,"squat, squat",lower,free-weight:medicine-ball,,gym,,,,TRUE
Front Squat w OHP - FW[V12],https://iamaspire.aspire.qa/ExerciseVideo/Front Squat w OHP - FW[V12].mp4,https://iamaspire.aspire.qa/ExerciseVideo/ExerciseThumbNailImage/11-Jun-2024_59fc1263-004e-4d79-af77-da0a5225cdcb.png,,strength:corrective:spine,strength:corrective:spine,ext-load-bil,"squat, squat",total,bodyweight:pull-up-bar,,gym,supplemental,,,TRUE
Glute - FoamRoller,https://iamaspire.aspire.qa/ExerciseVideo/Glute - FoamRoller.mp4,https://iamaspire.aspire.qa/ExerciseVideo/ExerciseThumbNailImage/11-Jun-2024_d08af1ad-f6bb-4a40-b5f9-5380a0493d8f.png,Search trigger points|| push on it keeping the pressure constant. Scale of pain out of 10 never more than 8 release it until 3-4.,strength:corrective:spine,strength:corrective:spine,,,,,,,,,,TRUE
Glute Bridge,https://iamaspire.aspire.qa/ExerciseVideo/Glute Bridge.mp4,https://iamaspire.aspire.qa/ExerciseVideo/ExerciseThumbNailImage/11-Jun-2024_296cc030-8c52-49be-98b5-0506c999164f.png,Raise hip up through the glute. Keep the toes up. Move slow and keep at the maximum point of tension for 3 to 5 seconds.,strength:corrective:spine,strength:corrective:spine,ext-load-bil,dl-hinge,lower,bodyweight:pull-up-bar,,"gym,pitch,mobile",assistance,,,TRUE
Glute Bridge - BB,https://iamaspire.aspire.qa/ExerciseVideo/,,,strength:corrective:spine,strength:corrective:spine,ext-load-bil,,,,,,,,,TRUE
Glute Bridge - YB,https://iamaspire.aspire.qa/ExerciseVideo/Glute Bridge - YB.mp4,,,strength:corrective:spine,strength:corrective:spine,ext-load-bil,dl-hinge,lower,bodyweight:pull-up-bar,,"gym,pitch,mobile",assistance,,,TRUE
Glute Bridge Drop to SL ISO Catch [long lever],https://iamaspire.aspire.qa/ExerciseVideo/Glute Bridge Drop to SL ISO Catch [long lever].mp4,https://iamaspire.aspire.qa/ExerciseVideo/ExerciseThumbNailImage/11-Jun-2024_c52ee307-839f-425c-a45c-1721c6cce097.png,,strength:corrective:spine,strength:corrective:spine,ext-load-uni,dl-hinge,lower,,,"gym,pitch,mobile",supplemental,,,TRUE
Glute Bridge w ADD Squeeze - MB,https://iamaspire.aspire.qa/ExerciseVideo/Glute Bridge w ADD Squeeze - MB.mp4,https://iamaspire.aspire.qa/ExerciseVideo/ExerciseThumbNailImage/11-Jun-2024_fd031c26-f7f2-45a4-b68e-73cbe0a83d0c.png,Push hands against the floor. Raise hip up through the glute. Push the ground with the heel. Squeeze the ball between your knee continuously.,strength:corrective:spine,strength:corrective:spine,ext-load-bil,dl-hinge,lower,free-weight:medicine-ball,,gym,assistance,,,TRUE
Goblet Split Squat - KB,https://iamaspire.aspire.qa/ExerciseVideo/Goblet Split Squat - KB.mp4,,,strength:corrective:spine,strength:corrective:spine,ext-load-uni,"squat, squat",lower,functional:plyo-box,,gym,assistance,,,TRUE
Goblet Squat - DB,https://iamaspire.aspire.qa/ExerciseVideo/Goblet Squat - DB.mp4,https://iamaspire.aspire.qa/ExerciseVideo/ExerciseThumbNailImage/11-Jun-2024_f1ff1a09-e96e-49a6-9506-0f3bc3190fd2.png,Sit your hips back|| bend your knees to lower yourself into a squat. Keep the chest up and squat as low as you can while keeping your back straight (when your back starts to round|| that's too low).,strength:corrective:spine,strength:corrective:spine,ext-load-bil,"squat, squat",lower,bodyweight:pull-up-bar,,gym,assistance,,,TRUE
Gorilla Row - KB,https://iamaspire.aspire.qa/ExerciseVideo/,,,strength:corrective:spine,strength:corrective:spine,ext-load-uni,,,,,,,,,TRUE
Groin L1,https://iamaspire.aspire.qa/ExerciseVideo/,,,strength:corrective:spine,strength:corrective:spine,ext-load-bil,,lower,bodyweight:pull-up-bar,,,,,,TRUE
Groin L2,https://iamaspire.aspire.qa/ExerciseVideo/,,,strength:corrective:spine,strength:corrective:spine,ext-load-bil,,lower,,,,,,,TRUE
Groin L3,https://iamaspire.aspire.qa/ExerciseVideo/,,,strength:corrective:spine,strength:corrective:spine,ext-load-bil,,lower,,,,,,,TRUE
Half Back Squat - BB,https://iamaspire.aspire.qa/ExerciseVideo/Half Back Squat - BB.mp4,https://iamaspire.aspire.qa/ExerciseVideo/ExerciseThumbNailImage/11-Jun-2024_9f457273-4a75-4abc-9e54-64497de95b16.png,,strength:corrective:spine,strength:corrective:spine,ext-load-bil,"squat, squat",lower,,,gym,,,,TRUE
Half Kneeling Cable Chop [high-low] - KS,https://iamaspire.aspire.qa/ExerciseVideo/Half Kneeling Cable Chop [high-low] - KS.mp4,https://iamaspire.aspire.qa/ExerciseVideo/ExerciseThumbNailImage/11-Jun-2024_c385aa21-85e4-4b69-858d-406dfbd3f106.png,Squeeze the glute of the back leg. Chest out and keep shoulders back. Squeeze core to avoid rotation while you move.,strength:corrective:spine,strength:corrective:spine,ext-load-uni,,,,,"gym,mobile",assistance,,,TRUE
Half Kneeling Cable Chop [low-high] - KS,https://iamaspire.aspire.qa/ExerciseVideo/Half Kneeling Cable Chop [low-high] - KS.mp4,https://iamaspire.aspire.qa/ExerciseVideo/ExerciseThumbNailImage/11-Jun-2024_15c491b8-ad18-40c3-b624-2bf853c8ea97.png,Squeeze the glute of the back leg. Chest out and keep shoulders back. Don&#x27;t move the trunk while pulling.,strength:corrective:spine,strength:corrective:spine,ext-load-uni,,,,,"gym,mobile",assistance,,,TRUE
Half Kneeling Hip Flexor Stretch,https://iamaspire.aspire.qa/ExerciseVideo/Half Kneeling Hip Flexor Stretch.mp4,https://iamaspire.aspire.qa/ExerciseVideo/ExerciseThumbNailImage/11-Jun-2024_84dbe4a9-b732-4cc0-b878-e52152556373.png,Squeeze the glute|| keeping hips forward. Hips moves forward gently without loosing glute activation. Hand up on the back leg side.,strength:corrective:spine,strength:corrective:spine,ext-load-uni,,,,,"gym,pitch,mobile",,,,TRUE
Half Kneeling Landmine Press - LM,https://iamaspire.aspire.qa/ExerciseVideo/,,,strength:corrective:spine,strength:corrective:spine,ext-load-uni,,,,,,,,,TRUE
Half Kneeling OHP - DB,https://iamaspire.aspire.qa/ExerciseVideo/Half Kneeling OHP - DB.mp4,,,strength:corrective:spine,strength:corrective:spine,ext-load-bil,press,upper,bodyweight:pull-up-bar,bilateral,"pitch,gym,mobile",assistance,,,TRUE
Half Kneeling Pallof Press - KS,https://iamaspire.aspire.qa/ExerciseVideo/Half Kneeling Pallof Press - KS.mp4,https://iamaspire.aspire.qa/ExerciseVideo/ExerciseThumbNailImage/11-Jun-2024_83a787b7-10a1-4cf1-8ae6-e79911e4f674.png,Squeeze the glute of the back leg. Chest out and keep shoulders back. Squeeze core to avoid rotation while you move.,strength:corrective:spine,strength:corrective:spine,ext-load-bil,pull,upper,functional:keiser,,,,,,TRUE
Half Kneeling Pulldown - KS,,,,strength:corrective:spine,strength:corrective:spine,ext-load-bil,pull,upper,bodyweight:pull-up-bar,,gym,supplemental,,,TRUE
Half Kneeling SA Horizontal Row - KS,,,Squeeze the back leg glute. Chest out to stablize shoulder. Drive the elbow down and back. Avoid movement of the trunk.,strength:corrective:spine,strength:corrective:spine,ext-load-uni,pull,upper,functional:keiser,,gym,assistance,,,TRUE
Half Kneeling Windmill Slam - MB,https://iamaspire.aspire.qa/ExerciseVideo/Half Kneeling Windmill Slam - MB.mp4,,,strength:corrective:spine,strength:corrective:spine,mb-drills-uni,press,upper,free-weight:medicine-ball,,,,,,TRUE
Half Squat - FW[D11],https://iamaspire.aspire.qa/ExerciseVideo/Half Squat - FW[D11].mp4,https://iamaspire.aspire.qa/ExerciseVideo/ExerciseThumbNailImage/11-Jun-2024_7bc64796-8a2d-4761-af7f-b99b3f341a23.png,,strength:corrective:spine,strength:corrective:spine,ext-load-bil,squat,lower,functional:box,,gym,,,,TRUE
Half Squat - IB,https://iamaspire.aspire.qa/ExerciseVideo/Half Squat - IB.mp4,https://iamaspire.aspire.qa/ExerciseVideo/ExerciseThumbNailImage/11-Jun-2024_9594ab00-b218-4902-8250-d7ec22c867e9.png,,strength:corrective:spine,strength:corrective:spine,ext-load-bil,squat,lower,bodyweight:pull-up-bar,,gym,assistance,,,TRUE
Half Squat - KS,https://iamaspire.aspire.qa/ExerciseVideo/Half Squat - KS.mp4,https://iamaspire.aspire.qa/ExerciseVideo/ExerciseThumbNailImage/11-Jun-2024_5ec36e7b-0be5-46e0-9c43-208f6d038ded.png,,strength:corrective:spine,strength:corrective:spine,ext-load-bil,squat,lower,functional:keiser,,gym,assistance,,,TRUE
Half Squat - Partner,https://iamaspire.aspire.qa/ExerciseVideo/Half Squat - Partner.mp4,,,strength:corrective:spine,strength:corrective:spine,ext-load-bil,squat,lower,bodyweight:pull-up-bar,,"gym,pitch",supplemental,,,TRUE
Half Squat - VBT,,,,strength:corrective:spine,strength:corrective:spine,ext-load-bil,squat,lower,functional:box,,gym,,,,TRUE
Half Squat - WB,https://iamaspire.aspire.qa/ExerciseVideo/Half Squat - WB.mp4,,,strength:corrective:spine,strength:corrective:spine,ext-load-bil,squat,lower,bodyweight:pull-up-bar,,gym,assistance,,,TRUE
Half Squat Taps - BW,https://iamaspire.aspire.qa/ExerciseVideo/Half Squat Taps - BW.mp4,https://iamaspire.aspire.qa/ExerciseVideo/ExerciseThumbNailImage/11-Jun-2024_193d40e5-a6d7-4e6c-bb6b-641d9cbce5e9.png,,strength:corrective:spine,strength:corrective:spine,ext-load-uni,squat,lower,strength:barbells:olympic,,"gym,pitch,mobile",assistance,,,TRUE
Hamstring - FoamRoller,https://iamaspire.aspire.qa/ExerciseVideo/Hamstring - FoamRoller.mp4,https://iamaspire.aspire.qa/ExerciseVideo/ExerciseThumbNailImage/11-Jun-2024_a97ae3e5-9e96-45f8-8fff-2c7ee7f7d3a4.png,Search trigger points|| push on it keeping the pressure constant. Scale of pain out of 10 never more than 8 release it until 3-4.,strength:corrective:spine,strength:corrective:spine,ext-load-bil,,lower,,,,,,,TRUE
Hamstring Bridge Drop-Catch [long lever],https://iamaspire.aspire.qa/ExerciseVideo/Hamstring Bridge Drop-Catch [long lever].mp4,https://iamaspire.aspire.qa/ExerciseVideo/ExerciseThumbNailImage/11-Jun-2024_cf3ddf5e-5226-4de9-850a-24f841282993.png,,strength:corrective:spine,strength:corrective:spine,ext-load-uni,dl-hinge,lower,free-weight:medicine-ball,,"gym,pitch,mobile",supplemental,,,TRUE
Hamstring Leg Curl - YB,https://iamaspire.aspire.qa/ExerciseVideo/Hamstring Leg Curl - YB.mp4,https://iamaspire.aspire.qa/ExerciseVideo/ExerciseThumbNailImage/11-Jun-2024_33cb4689-7e51-442e-90c2-31f1d4f68496.png,Push the floor with the hands and strong core. Squeeze the glutes and lift the hip up. Roll the fitball away from the body and keep the hip high.,strength:corrective:spine,strength:corrective:spine,ext-load-bil,,lower,functional:stability-ball,,,,,,TRUE
"Hamstring Leg Curl [1down, 2up] - YB","https://iamaspire.aspire.qa/ExerciseVideo/Hamstring Leg Curl [1down, 2up] - YB.mp4",https://iamaspire.aspire.qa/ExerciseVideo/ExerciseThumbNailImage/11-Jun-2024_77893808-0e45-4f65-a356-ef2ff5a79514.png,Push the floor with the hands and strong core. Squeeze the glutes and lift the hip up. Roll the fitball away from the body and keep the hip high.,strength:corrective:spine,strength:corrective:spine,ext-load-uni,,lower,functional:stability-ball,,,,,,TRUE
Hamstring Leg Curl [ECC only] - YB,https://iamaspire.aspire.qa/ExerciseVideo/Hamstring Leg Curl [ECC only] - YB.mp4,https://iamaspire.aspire.qa/ExerciseVideo/ExerciseThumbNailImage/11-Jun-2024_573ad685-293e-40f0-aed5-2a174695bec3.png,Push the floor with the hands and strong core. Squeeze the glutes and lift the hip up. Roll the fitball away from the body and keep the hip high.,strength:corrective:spine,strength:corrective:spine,ext-load-bil,,lower,functional:stability-ball,,,,,,TRUE
Hang Alternating Lateral Squat - Landmine,https://iamaspire.aspire.qa/ExerciseVideo/Hang Alternating Lateral Squat - Landmine.mp4,https://iamaspire.aspire.qa/ExerciseVideo/ExerciseThumbNailImage/11-Jun-2024_33089f20-7590-449f-a171-f237fb2152b2.png,,strength:corrective:spine,strength:corrective:spine,ext-load-bil,squat,lower,,,gym,assistance,,,TRUE
Hang Leg Raise,https://iamaspire.aspire.qa/ExerciseVideo/,,,strength:corrective:spine,strength:corrective:spine,ext-load-bil,,,,,,,,,TRUE
Hang Split Squat - Landmine,https://iamaspire.aspire.qa/ExerciseVideo/Hang Split Squat - Landmine.mp4,https://iamaspire.aspire.qa/ExerciseVideo/ExerciseThumbNailImage/11-Jun-2024_888bd5c4-a93a-4ee6-8142-4c8b0862014b.png,Stand on the side. Hold the bar with one hand. Chest out and squeeze the core. Back leg toes remain on the floor all time. Squeeze the back leg glute for the whole movement. Be nice and tall.,strength:corrective:spine,strength:corrective:spine,ext-load-uni,squat,lower,bodyweight:pull-up-bar,,gym,assistance,,,TRUE
Hang Squat - Landmine,https://iamaspire.aspire.qa/ExerciseVideo/Hang Squat - Landmine.mp4,https://iamaspire.aspire.qa/ExerciseVideo/ExerciseThumbNailImage/11-Jun-2024_03e49488-3cad-40c2-b354-ce914f039ed0.png,,strength:corrective:spine,strength:corrective:spine,ext-load-bil,squat,lower,free-weight:power-band,,gym,supplemental,,,TRUE
Heel Flicks,https://iamaspire.aspire.qa/ExerciseVideo/Heel Flicks.mp4,https://iamaspire.aspire.qa/ExerciseVideo/ExerciseThumbNailImage/11-Jun-2024_31fb89f9-5ded-4cd3-92e8-912f4e892344.png,Run in the place bending your knees violently to touch buttocks with your heals. Stay tall and quick.,strength:corrective:spine,strength:corrective:spine,ext-load-bil,run,lower,bodyweight:pull-up-bar,,,,,,TRUE
Heel Walk,https://iamaspire.aspire.qa/ExerciseVideo/Heel Walk.mp4,https://iamaspire.aspire.qa/ExerciseVideo/ExerciseThumbNailImage/11-Jun-2024_175e61f0-8350-4340-a7a3-61dfb0191670.png,Chest out and squeeze the core. Raise the heel as high as possible during walking. Move slow and controlled.,strength:corrective:spine,strength:corrective:spine,ext-load-bil,walk,lower,bodyweight:pull-up-bar,,,,,,TRUE
High Knee Run - IB,https://iamaspire.aspire.qa/ExerciseVideo/High Knee Run - IB.mp4,https://iamaspire.aspire.qa/ExerciseVideo/ExerciseThumbNailImage/11-Jun-2024_f2196cfd-0395-48fa-9541-18d87c113ee2.png,,strength:corrective:spine,strength:corrective:spine,ext-load-bil,run,total,free-weight:medicine-ball,,,,,,TRUE
High Knee Run to Sprinter Plank - Wall,https://iamaspire.aspire.qa/ExerciseVideo/High Knee Run to Sprinter Plank - Wall.mp4,https://iamaspire.aspire.qa/ExerciseVideo/ExerciseThumbNailImage/11-Jun-2024_ce70fca2-1b39-4713-82af-14fb87dd3605.png,,strength:corrective:spine,strength:corrective:spine,ext-load-bil,,core,free-weight:medicine-ball,,"gym,pitch,mobile",,,,TRUE
High Knees,https://iamaspire.aspire.qa/ExerciseVideo/High Knees.mp4,https://iamaspire.aspire.qa/ExerciseVideo/ExerciseThumbNailImage/11-Jun-2024_148267d7-2696-4d8e-b8dc-cb26ad493aec.png,Run with high knee in the place. Stay tall and maintain short ground contact (think of ground is hot),strength:corrective:spine,strength:corrective:spine,ext-load-bil,,total,bodyweight:pull-up-bar,,,,,,TRUE
High Knees [lateral],https://iamaspire.aspire.qa/ExerciseVideo/High Knees [lateral].mp4,https://iamaspire.aspire.qa/ExerciseVideo/ExerciseThumbNailImage/11-Jun-2024_f7045555-87a5-4181-bb1a-3b2ad9d1f554.png,Run side to side with high knees. Push always from the outside leg.,strength:corrective:spine,strength:corrective:spine,ext-load-bil,run,total,bodyweight:pull-up-bar,,,,,,TRUE
High Knees 45° Resisted - EC,https://iamaspire.aspire.qa/ExerciseVideo/High Knees 45° Resisted - EC.mp4,https://iamaspire.aspire.qa/ExerciseVideo/ExerciseThumbNailImage/11-Jun-2024_d0835731-8823-4073-842c-36ff7a019253.png,,strength:corrective:spine,strength:corrective:spine,ext-load-bil,run,lower,,,,,,,TRUE
High Plank Hold,https://iamaspire.aspire.qa/ExerciseVideo/High Plank Hold.mp4,,,strength:corrective:spine,strength:corrective:spine,ext-load-bil,crawl,,bodyweight:pull-up-bar,,"gym,pitch,mobile",,,,TRUE
High Plank In&Out Rotation,https://iamaspire.aspire.qa/ExerciseVideo/High Plank In&Out Rotation.mp4,https://iamaspire.aspire.qa/ExerciseVideo/ExerciseThumbNailImage/11-Jun-2024_d1ab188e-d0c9-4105-a10f-a3081d5d528c.png,Chest out|| squeeze glutes and core strong. Avoid rotation of the hip. Keep the end position for few seconds. Move slowly.,strength:corrective:spine,strength:corrective:spine,ext-load-bil,torsion,total,bodyweight:pull-up-bar,,,,,,TRUE
High Plank Partner Ground Tag,https://iamaspire.aspire.qa/ExerciseVideo/High Plank Partner Ground Tag.mp4,,,strength:corrective:spine,strength:corrective:spine,ext-load-bil,crawl,core,bodyweight:pull-up-bar,,"gym,pitch,mobile",,,,TRUE
High Plank Partner MB Pass [frontal],https://iamaspire.aspire.qa/ExerciseVideo/High Plank Partner MB Pass [frontal].mp4,,,strength:corrective:spine,strength:corrective:spine,ext-load-bil,crawl,core,bodyweight:pull-up-bar,,gym,,,,TRUE
High Plank Partner MB Pass [lateral],https://iamaspire.aspire.qa/ExerciseVideo/High Plank Partner MB Pass [lateral].mp4,,,strength:corrective:spine,strength:corrective:spine,ext-load-bil,torsion,total,strength:smith,,,,,,TRUE
High Plank Shoulder Taps,https://iamaspire.aspire.qa/ExerciseVideo/High Plank Shoulder Taps.mp4,,"Extend the knees, squeeze glutes, brace core, tap slow, no hip sway.",strength:corrective:spine,strength:corrective:spine,ext-load-bil,crawl,,,,"gym,pitch,mobile",corrective,,,TRUE
High Plank w Alternating Hip Flexion,https://iamaspire.aspire.qa/ExerciseVideo/High Plank w Alternating Hip Flexion.mp4,https://iamaspire.aspire.qa/ExerciseVideo/ExerciseThumbNailImage/11-Jun-2024_5eb1d860-7ee9-4fed-8296-06a2b1d2a63e.png,Start in press up position|| with shoulders over wrists and strong core. Alternating knees to elbows in a running pattern. Maintain strong posture from shoulder to ankle.,strength:corrective:spine,strength:corrective:spine,ext-load-bil,,total,bodyweight:pull-up-bar,,,,,,TRUE
High Plank w Alternating Hip Flexion - TRX,https://iamaspire.aspire.qa/ExerciseVideo/High Plank w Alternating Hip Flexion - TRX.mp4,https://iamaspire.aspire.qa/ExerciseVideo/ExerciseThumbNailImage/11-Jun-2024_f78f7410-e86e-4831-9dd6-54998f823dff.png,Chest out and keep back straight. Actively squeeze core muscles. Avoid movement of the hip and trunk during movement.,strength:corrective:spine,strength:corrective:spine,ext-load-bil,,,,,,,,,TRUE
High Plank w Drag Through - SandBag,https://iamaspire.aspire.qa/ExerciseVideo/High Plank w Drag Through - SandBag.mp4,https://iamaspire.aspire.qa/ExerciseVideo/ExerciseThumbNailImage/11-Jun-2024_6a72cea5-e79e-475b-a834-f6d8a5ff338c.png,Chest out|| squeeze glutes and core strong. Avoid rotation while pulling the bag. Open more the legs if you need help.,strength:corrective:spine,strength:corrective:spine,ext-load-bil,pull,core,free-weight:sandbags,,,,,,TRUE
High Plank w Knee Tuck - TRX,https://iamaspire.aspire.qa/ExerciseVideo/High Plank w Knee Tuck - TRX.mp4,https://iamaspire.aspire.qa/ExerciseVideo/ExerciseThumbNailImage/11-Jun-2024_d34d905a-e03c-459b-88e8-21fc32d2e612.png,,strength:corrective:spine,strength:corrective:spine,ext-load-uni,dl-hinge,lower,bodyweight:pull-up-bar,,"gym,pitch,mobile",supplemental,linear,,TRUE
High Plank w Knee Tuck - YB,https://iamaspire.aspire.qa/ExerciseVideo/High Plank w Knee Tuck - YB.mp4,,,strength:corrective:spine,strength:corrective:spine,ext-load-bil,carry,core,strength:barbells:olympic,,,,,,TRUE
High Plank Walkout,https://iamaspire.aspire.qa/ExerciseVideo/High Plank Walkout.mp4,https://iamaspire.aspire.qa/ExerciseVideo/ExerciseThumbNailImage/11-Jun-2024_2f853105-1328-40d8-921a-2185f6b5e22d.png,,strength:corrective:spine,strength:corrective:spine,ext-load-bil,crawl,core,bodyweight:pull-up-bar,,"gym,pitch,mobile",,,,TRUE
High Side Plank,https://iamaspire.aspire.qa/ExerciseVideo/High Side Plank.mp4,https://iamaspire.aspire.qa/ExerciseVideo/ExerciseThumbNailImage/11-Jun-2024_14beb845-9af0-4085-ac39-901c3d43ce84.png,Chest out|| squeeze glutes and core strong. Shoulder and elbow same line. Hip remain high and rotated forward.,strength:corrective:spine,strength:corrective:spine,ext-load-uni,crawl,core,bodyweight:pull-up-bar,,"gym,pitch,mobile",,,,TRUE
High to Low Plank,https://iamaspire.aspire.qa/ExerciseVideo/High to Low Plank.mp4,https://iamaspire.aspire.qa/ExerciseVideo/ExerciseThumbNailImage/11-Jun-2024_0010511b-bbba-4293-8fcd-7525fc63c52f.png,Chest out and keep back straight. Actively squeeze core muscles. Avoid rotation of the hip and trunk during movement.,strength:corrective:spine,strength:corrective:spine,ext-load-bil,crawl,core,bodyweight:pull-up-bar,,"gym,pitch,mobile",,,,TRUE
Hip Circles,https://iamaspire.aspire.qa/ExerciseVideo/,,,strength:corrective:spine,strength:corrective:spine,ext-load-bil,,total,,,,,,,TRUE
Hip Hinge - BW,https://iamaspire.aspire.qa/ExerciseVideo/Hip Hinge - BW.mp4,,,strength:corrective:spine,strength:corrective:spine,ext-load-bil,dl-hinge,lower,strength:dumbbells:regular,,"gym,pitch,mobile",assistance,,,TRUE
Hip Hinge w Stick,https://iamaspire.aspire.qa/ExerciseVideo/Hip Hinge w Stick.mp4,https://iamaspire.aspire.qa/ExerciseVideo/ExerciseThumbNailImage/11-Jun-2024_9fa31c95-6597-409b-aee5-748261fcb44d.png,Keep in contact with stick. Elbows back and unlock knees. Drive the hip all the way back. Come back to the starting position squeezing glutes.,strength:corrective:spine,strength:corrective:spine,ext-load-bil,dl-hinge,lower,,,"pitch,gym,mobile",,,,TRUE
Hip Push-Rotation - KS,https://iamaspire.aspire.qa/ExerciseVideo/Hip Push-Rotation - KS.mp4,https://iamaspire.aspire.qa/ExerciseVideo/ExerciseThumbNailImage/11-Jun-2024_11909c6d-95ef-4631-8dd7-be53cf9ad691.png,Chest out|| keep shoulders back. Rotate and extent the hips to produce the movement. Arms are relaxed.,strength:corrective:spine,strength:corrective:spine,ext-load-uni,dl-hinge,lower,functional:keiser,,gym,assistance,,,TRUE
Hip Thrust - BB,https://iamaspire.aspire.qa/ExerciseVideo/Hip Thrust - BB.mp4,https://iamaspire.aspire.qa/ExerciseVideo/ExerciseThumbNailImage/11-Jun-2024_6b8c2beb-6c4d-4a34-9693-a9265ba03f6c.png,Place the upper back on bench. Align the knees perpendicular and above the feet. Make sure the glute is used to push the bar. Push with the heel.,strength:corrective:spine,strength:corrective:spine,ext-load-bil,dl-hinge,lower,,,gym,,,,TRUE
Hip Thrust - BW,https://iamaspire.aspire.qa/ExerciseVideo/Hip Thrust - BW.mp4,https://iamaspire.aspire.qa/ExerciseVideo/ExerciseThumbNailImage/11-Jun-2024_bc5415c0-625f-4af6-afa3-1080b61fe81f.png,Place the upper back on bench. Align the knees perpendicular and above the feet. Make sure the glute is used to push the bar. Push with the heel.,strength:corrective:spine,strength:corrective:spine,ext-load-bil,dl-hinge,lower,strength:bench:flat,,gym,assistance,,,TRUE
Hip Thrust - SandBag,https://iamaspire.aspire.qa/ExerciseVideo/Hip Thrust - SandBag.mp4,https://iamaspire.aspire.qa/ExerciseVideo/ExerciseThumbNailImage/11-Jun-2024_9058261b-366c-4cca-a798-701354b6db22.png,Place the upper back on bench. Align the knee perpendicular and above the feet. Make sure the glute is used to push the plate. Push with the heel.,strength:corrective:spine,strength:corrective:spine,ext-load-bil,dl-hinge,lower,functional:stability-ball,,gym,assistance,,,TRUE
In&Out Skipping,https://iamaspire.aspire.qa/ExerciseVideo/In&Out Skipping.mp4,https://iamaspire.aspire.qa/ExerciseVideo/ExerciseThumbNailImage/11-Jun-2024_a08a68eb-75b1-439b-982e-910190e63280.png,Start in a athletic position. Imagine a speed ladder. Step outside the imaginary square with one foot at a time and then have two touches inside the square. Then step outside with the other foot.,strength:corrective:spine,strength:corrective:spine,ext-load-bil,,total,bodyweight:pull-up-bar,bipedal,"pitch,gym,mobile",,,,TRUE
Incline Bench DB Row,https://iamaspire.aspire.qa/ExerciseVideo/,,,strength:corrective:spine,strength:corrective:spine,ext-load-bil,pull,upper,,bilateral,,,,,TRUE
Incline Bench Press - DB,https://iamaspire.aspire.qa/ExerciseVideo/Incline Bench Press - DB.mp4,https://iamaspire.aspire.qa/ExerciseVideo/ExerciseThumbNailImage/11-Jun-2024_f353fe69-50fc-4157-9a10-ed96871aaace.png,Keep the shoulder 45 degree when you lower DB. Chest out to stablize shoulder. Lower DB slowly and push up db powerful and quick.,strength:corrective:spine,strength:corrective:spine,ext-load-bil,press,upper,strength:dumbbells:regular,bilateral,gym,supplemental,,,TRUE
Incline Push Up,https://iamaspire.aspire.qa/ExerciseVideo/,,,strength:corrective:spine,strength:corrective:spine,ext-load-bil,press,upper,,,,,,,TRUE
Inverted Bar Row - BW,https://iamaspire.aspire.qa/ExerciseVideo/,,,strength:corrective:spine,strength:corrective:spine,ext-load-bil,pull,upper,,bilateral,"pitch,gym,mobile",,,,TRUE
ISO Calf Raise - KS,https://iamaspire.aspire.qa/ExerciseVideo/ISO Calf Raise - KS.mp4,,,strength:corrective:spine,strength:corrective:spine,ext-load-bil,push,lower,strength:dumbbells:regular,,,,,,TRUE
ISO Copenhagen [long lever],https://iamaspire.aspire.qa/ExerciseVideo/ISO Copenhagen [long lever].mp4,,,strength:corrective:spine,strength:corrective:spine,ext-load-uni,push,core,free-weight:power-band,monopedal,"pitch,gym,mobile",assistance,,,TRUE
ISO Copenhagen [short lever],https://iamaspire.aspire.qa/ExerciseVideo/ISO Copenhagen [short lever].mp4,,,strength:corrective:spine,strength:corrective:spine,ext-load-uni,push,core,free-weight:medicine-ball,,"pitch,gym,mobile",,,,TRUE
ISO Half Squat - KS,,,Hold/Push squat position with approximately 90° degrees angel at the knee,strength:corrective:spine,strength:corrective:spine,ext-load-bil,squat,lower,bodyweight:pull-up-bar,bilateral,gym,supplemental,,,TRUE
ISO Hamstring Bridge [long lever],,,"Feet dorsiflexed, heel actively pushing down into the floor. Hips high. Knee angle is around 130°.",strength:corrective:spine,strength:corrective:spine,ext-load-bil,dl-hinge,lower,strength:kettlebells,bilateral,"gym,pitch,mobile",assistance,,,TRUE
ISO Hamstring Bridge [short lever],https://iamaspire.aspire.qa/ExerciseVideo/ISO Hamstring Bridge [short lever].mp4,,"Feet dorsiflexed, heel actively pushing down into the floor. Hips high. Knee angle is around 100°.",strength:corrective:spine,strength:corrective:spine,ext-load-bil,dl-hinge,lower,functional:box,,"gym,pitch,mobile",assistance,,,TRUE
ISO Mid-Thigh Pull [Rack] - BB,https://iamaspire.aspire.qa/ExerciseVideo/ISO Mid-Thigh Pull [Rack] - BB.mp4,,"Bar fixed at mid-thigh level. Feet hip-width apart, bar over midfoot. Shoulder slightly over the bar, back flat, chest up. Drive through the floor with legs and maximal effort for 3-5sec.",strength:corrective:spine,strength:corrective:spine,ext-load-bil,squat,lower,free-weight:power-band,bilateral,gym,assistance,,,TRUE
ISO Quarter Squat - KS,https://iamaspire.aspire.qa/ExerciseVideo/ISO Quarter Squat - KS.mp4,,Hold/Push squat position with approximately 130° degrees angel at the knee.,strength:corrective:spine,strength:corrective:spine,ext-load-bil,squat,lower,bodyweight:pull-up-bar,bilateral,gym,assistance,,,TRUE
ISO SL Calf Raise - KS,https://iamaspire.aspire.qa/ExerciseVideo/ISO SL Calf Raise - KS.mp4,,Press through the big toe and hold top position of a calf raise (heel as high as possible). Knee is extended but not locked. Maintain a tall posture.,strength:corrective:spine,strength:corrective:spine,ext-load-uni,run,lower,functional:partner,monopedal,gym,assistance,,,TRUE
ISO SL Calf Raise Switch - KS,https://iamaspire.aspire.qa/ExerciseVideo/ISO SL Calf Raise Switch - KS.mp4,https://iamaspire.aspire.qa/ExerciseVideo/ExerciseThumbNailImage/11-Jun-2024_5ceff93f-8ecf-40ed-a12e-83f2aa148bfb.png,Press through the big toe and hold top position of a calf raise (heel as high as possible). Knee is extended but not locked. Maintain a tall posture. Quickly change the leg while trying to keep same hip height.,strength:corrective:spine,strength:corrective:spine,ext-load-uni,run,lower,strength:barbells:olympic,monopedal,gym,assistance,,,TRUE
ISO SL Glute Bridge w Knee Extension,https://iamaspire.aspire.qa/ExerciseVideo/ISO SL Glute Bridge w Knee Extension.mp4,https://iamaspire.aspire.qa/ExerciseVideo/ExerciseThumbNailImage/11-Jun-2024_191ea453-f789-4827-80f3-4cb5ac2c40f8.png,Push hands against the floor. Raise hip up through the glute. Push the ground with the heel. Avoid pelvic drop during knee extension.,strength:general:concentric,strength:corrective:spine,ext-load-uni,dl-hinge,lower,bodyweight:pull-up-bar,,"gym,pitch,mobile",assistance,,,TRUE
ISO SL Squat - IB,https://iamaspire.aspire.qa/ExerciseVideo/ISO SL Squat - IB.mp4,https://iamaspire.aspire.qa/ExerciseVideo/ExerciseThumbNailImage/11-Jun-2024_576c9615-0289-4f1f-9a0d-2d533d965d75.png,Lean back to the belt while holding ISO Squat position. Lift one leg of the ground and maintain position.,strength:corrective:spine,strength:corrective:spine,ext-load-uni,squat,lower,bodyweight:pull-up-bar,,"pitch,gym",assistance,,,TRUE
ISO Split Squat Hold,https://iamaspire.aspire.qa/ExerciseVideo/ISO Split Squat Hold.mp4,https://iamaspire.aspire.qa/ExerciseVideo/ExerciseThumbNailImage/11-Jun-2024_6ccd1cd4-3880-431f-8697-b06251654401.png,Start in a split leg position|| with one leg forward and one leg back. Flex your knees and lower your hips|| until the back knee is just above the floor. Hold the position as long as prescribed,strength:corrective:spine,strength:corrective:spine,ext-load-uni,squat,lower,bodyweight:pull-up-bar,,"gym,pitch,mobile",assistance,,,TRUE
ISO Split Squat Pallof Press - KS,https://iamaspire.aspire.qa/ExerciseVideo/ISO Split Squat Pallof Press - KS.mp4,https://iamaspire.aspire.qa/ExerciseVideo/ExerciseThumbNailImage/11-Jun-2024_016d5be8-af79-4c49-8cf2-690b9ca741e8.png,"Hold Split Squat position lateral to the cable line. Brace the core, keep ribs down and stay tall. Press the handle straight out from your chest and resist rotation.",strength:corrective:spine,strength:corrective:spine,ext-load-uni,torsion,"total,core",functional:keiser,,gym,assistance,,,TRUE
ISO Split Squat w Rotation - FW[V12],https://iamaspire.aspire.qa/ExerciseVideo/ISO Split Squat w Rotation - FW[V12].mp4,https://iamaspire.aspire.qa/ExerciseVideo/ExerciseThumbNailImage/11-Jun-2024_fe43fd95-e03b-422a-81a0-b9487c974841.png,"Hold Split Squat position lateral to the cable line. Brace the core, keep ribs down and stay tall. Rotate from the core and maintain balance.",strength:corrective:spine,strength:corrective:spine,ext-load-uni,torsion,"total,core",functional:keiser,,gym,,,,TRUE
ISO Squat 90° - FD,,,Feet shoulder-width apart. Get into position of squat with knees at 90°. Push the floor down with max. intent and maintain full-body tension.,strength:corrective:spine,strength:corrective:spine,ext-load-bil,squat,lower,,bilateral,gym,supplemental,,,TRUE
ISO Squat Hold,https://iamaspire.aspire.qa/ExerciseVideo/ISO Squat Hold.mp4,https://iamaspire.aspire.qa/ExerciseVideo/ExerciseThumbNailImage/11-Jun-2024_cc825e74-12f8-4895-8a29-24d6ff57a782.png,Hold the squat position. Focus on foot placement shoulder width|| knee alignment|| chest out and back straight. 90 to 120 degree angle,strength:corrective:spine,strength:corrective:spine,ext-load-bil,squat,lower,bodyweight:pull-up-bar,bilateral,"gym,pitch,mobile",assistance,,,TRUE
ISO Squat Push 135° - FD,https://iamaspire.aspire.qa/ExerciseVideo/ISO Squat Push 135° - FD.mp4,https://iamaspire.aspire.qa/ExerciseVideo/ExerciseThumbNailImage/11-Jun-2024_ac77b79d-9c50-4df2-9126-425940a459e2.png,Feet shoulder-width apart. Get into position of squat with knees at 130°. Push the floor down with max. intent and maintain full-body tension.,strength:corrective:spine,strength:corrective:spine,ext-load-bil,squat,lower,,bilateral,gym,supplemental,,,TRUE
ISO Squat w Calf Raises - Landmine,https://iamaspire.aspire.qa/ExerciseVideo/ISO Squat w Calf Raises - Landmine.mp4,https://iamaspire.aspire.qa/ExerciseVideo/ExerciseThumbNailImage/11-Jun-2024_b60107ae-fd64-4cf4-822e-5bb099f607b5.png,Knees bent around 90-110°. Hold the position of squat and perform controlled calf raises. Focus on pressing through the big toe.,strength:corrective:spine,strength:corrective:spine,ext-load-bil,squat,lower,functional:harness,bilateral,gym,assistance,,,TRUE
ITB - FoamRoller,https://iamaspire.aspire.qa/ExerciseVideo/ITB - FoamRoller.mp4,https://iamaspire.aspire.qa/ExerciseVideo/ExerciseThumbNailImage/11-Jun-2024_5d743006-b7fc-4867-881b-c454f33508b3.png,Search trigger points|| push on it keeping the pressure constant. Scale of pain out of 10 never more than 8 release it until 3-4.,strength:corrective:spine,strength:corrective:spine,ext-load-uni,,lower,,,"pitch,gym,mobile",corrective,,,TRUE
Jumping Jacks,https://iamaspire.aspire.qa/ExerciseVideo/Jumping Jacks.mp4,https://iamaspire.aspire.qa/ExerciseVideo/ExerciseThumbNailImage/11-Jun-2024_bcb6719f-bba6-43a8-9a29-6034d0dfa5a3.png,Stand upright with your legs together|| arms at your sides. Bend your knees slightly|| and jump into the air. As you jump|| spread your legs to be about shoulder-width apart. Stretch your arms out and over your head. Jump back to starting position,coordination:reaction,strength:corrective:spine,ext-load-bil,jump,"total,lower",,bilateral,"gym,pitch,mobile",assistance,lateral,,TRUE
Kettlebell Swing - KB,https://iamaspire.aspire.qa/ExerciseVideo/Kettlebell Swing - KB.mp4,https://iamaspire.aspire.qa/ExerciseVideo/ExerciseThumbNailImage/11-Jun-2024_8f9f792f-0c6e-44dd-a444-a8ed60c40964.png,Feet shoulder-width apart. Break at the hip. Drive hips forward explosively. Arms are relaxed. Don't squat!,strength:corrective:spine,strength:corrective:spine,ext-load-bil,dl-hinge,lower,strength:barbells:olympic,bilateral,"pitch,gym,mobile",supplemental,,,TRUE
Knee to Wall Ankle Mobility,https://iamaspire.aspire.qa/ExerciseVideo/Knee to Wall Ankle Mobility.mp4,https://iamaspire.aspire.qa/ExerciseVideo/ExerciseThumbNailImage/11-Jun-2024_eb3a2b5f-1aac-47fe-92ee-3e04b41c39e3.png,Create foot arch before the start of the exercise. Knee should go forward and align with 2nd and 3rd toe. Heel remains on the floor.,strength:corrective:spine,strength:corrective:spine,ext-load-uni,,lower,bodyweight:pull-up-bar,,"pitch,gym,mobile",corrective,,,TRUE
Kneeling High Plank w Hand Reach,https://iamaspire.aspire.qa/ExerciseVideo/Kneeling High Plank w Hand Reach.mp4,,"Squeeze glutes, engage core. Hands under the shoulder actively pressing into the floor. Slowly extend one arm straight and hold for 2sec. Keep hips square - no shifting or rotating.",strength:corrective:spine,strength:corrective:spine,ext-load-bil,crawl,core,bodyweight:pull-up-bar,quadruped,"gym,pitch,mobile",corrective,,,TRUE
Kneeling Jump,https://iamaspire.aspire.qa/ExerciseVideo/Kneeling Jump.mp4,,"Quick counter movement by dropping hips slightly back, then explosively drive hips forward and up. Arm swing to aid lift-off.",strength:power:jumping,strength:corrective:spine,ext-load-bil,dl-hinge,lower,free-weight:external-load,bilateral,"gym,pitch,mobile",supplemental,linear,,TRUE
Kneeling Push Up,https://iamaspire.aspire.qa/ExerciseVideo/Kneeling Push Up.mp4,https://iamaspire.aspire.qa/ExerciseVideo/ExerciseThumbNailImage/11-Jun-2024_deeaa90f-b2f4-4cd8-8bdd-60f121fd3d59.png,"Straight line from knees to shoulders. Hands outside shoulder-width, elbows slightly angled at 45°. Core braced and glutes lightly engaged. Chest to the floor.",strength:corrective:spine,strength:corrective:spine,ext-load-bil,press,"upper,core",bodyweight:pull-up-bar,bilateral,"pitch,gym,mobile",corrective,,,TRUE
Kneeling Rollout - YB,https://iamaspire.aspire.qa/ExerciseVideo/Kneeling Rollout - YB.mp4,,Glutes engaged; pelvis tucked slightly. Go as far as you can without losing core control.,strength:corrective:spine,strength:corrective:spine,ext-load-bil,,core,strength:barbells:olympic,bilateral,"pitch,gym,mobile",assistance,,,TRUE
Kneeling to Broad Jump,https://iamaspire.aspire.qa/ExerciseVideo/Kneeling to Broad Jump.mp4,,"Quick counter movement by dropping hips slightly back, then explosively drive hips forward and up. Arm swing to aid lift-off. When on your feet quickly continue to max. broad jump.",strength:power:jumping,strength:corrective:spine,ext-load-bil,dl-hinge,lower,bodyweight:pull-up-bar,bilateral,"pitch,gym,mobile",supplemental,,,FALSE
L Shoulder Raise - DB,https://iamaspire.aspire.qa/ExerciseVideo/L Shoulder Raise - DB.mp4,,"Stable stance, core braced, shoulders back and down, elbows slightly bent. One arm goes straight in front, other arm to the side at the same time. Control the tempo.",strength:corrective:spine,strength:corrective:spine,ext-load-bil,pull,upper,,bilateral,"gym,mobile",assistance,,,TRUE
Landmine Twist,https://iamaspire.aspire.qa/ExerciseVideo/,,,strength:corrective:spine,strength:corrective:spine,ext-load-uni,,,,,,,,,TRUE
Lateral Bound [stick],https://iamaspire.aspire.qa/ExerciseVideo/Lateral Bound [stick].mp4,https://iamaspire.aspire.qa/ExerciseVideo/ExerciseThumbNailImage/11-Jun-2024_09054cb8-afd7-470f-8d70-faa7d6fa339d.png,Chest out and squeeze the core. Align hip|| knee and ankle. Violently push laterally off the ground and stick with good control. Relax and repeat with other leg.,strength:corrective:spine,strength:corrective:spine,ext-load-uni,squat,lower,bodyweight:pull-up-bar,monopedal,"gym,pitch,mobile",supplemental,lateral,,TRUE
Lateral Bound [stick] - EC,https://iamaspire.aspire.qa/ExerciseVideo/Lateral Bound [stick] - EC.mp4,https://iamaspire.aspire.qa/ExerciseVideo/ExerciseThumbNailImage/11-Jun-2024_51d76a47-1d33-447d-abc1-9510d25d7295.png,Trunk lean forward|| hip & knee semi-flexed. Chest out|| squeeze the core. Violently push laterally off the ground and stick with good control.,strength:corrective:spine,strength:corrective:spine,ext-load-uni,squat,lower,,monopedal,"pitch,gym",supplemental,lateral,,TRUE
Lateral Bound to Chest Throw - MB,https://iamaspire.aspire.qa/ExerciseVideo/Lateral Bound to Chest Throw - MB.mp4,https://iamaspire.aspire.qa/ExerciseVideo/ExerciseThumbNailImage/11-Jun-2024_5954ae77-0890-4062-8f0c-99f48d9a78d7.png,"Small bound to the side, loading the hip and then explosive lateral bound towards the wall and simultaneously throwing the ball from chest.",strength:corrective:spine,strength:corrective:spine,ext-load-uni,,"total,lower,upper",strength:kettlebells,monopedal,"pitch,gym",supplemental,torsional,,TRUE
Lateral Bound to Hip Torsional Throw - MB,https://iamaspire.aspire.qa/ExerciseVideo/Lateral Bound to Hip Torsional Throw - MB.mp4,,"Small bound to the side, loading the hip and then explosive torsio-lateral bound towards the wall with simultaneous ball toss.",strength:corrective:spine,strength:corrective:spine,ext-load-uni,squat,"total,lower,core",free-weight:external-load,monopedal,"pitch,gym",supplemental,torsional,,TRUE
Lateral Bounds,https://iamaspire.aspire.qa/ExerciseVideo/Lateral Bounds.mp4,https://iamaspire.aspire.qa/ExerciseVideo/ExerciseThumbNailImage/11-Jun-2024_d5fb7328-5d14-486e-9c6a-2d95aff8d152.png,Bend knees slightly and drop hips. Drive aggressively off outside edge of foot to jump for distance to the side. Perform continuously.,strength:corrective:spine,strength:corrective:spine,ext-load-uni,jump,lower,,monopedal,"pitch,gym,mobile",assistance,lateral,,TRUE
Lateral Box Step Up,https://iamaspire.aspire.qa/ExerciseVideo/Lateral Box Step Up.mp4,,Drive through the box leg! Keep torso tall and stacked over your hips.,strength:corrective:spine,strength:corrective:spine,ext-load-uni,squat,lower,strength:kettlebells,monopedal,"pitch,gym,mobile",assistance,,,TRUE
Lateral Box Step Up Accel - FW[V12],https://iamaspire.aspire.qa/ExerciseVideo/Lateral Box Step Up Accel - FW[V12].mp4,https://iamaspire.aspire.qa/ExerciseVideo/ExerciseThumbNailImage/11-Jun-2024_ba2a2955-2db5-4a4f-94a0-5839cc44130f.png,Drive through the box leg and help yourself with one arm on CON phase. ECC try to control. Keep torso tall and stacked over your hips.,strength:corrective:spine,strength:corrective:spine,ext-load-uni,squat,lower,functional:box,monopedal,gym,supplemental,,,TRUE
Lateral Deceleration Squat - FW[V12],https://iamaspire.aspire.qa/ExerciseVideo/Lateral Deceleration Squat - FW[V12].mp4,https://iamaspire.aspire.qa/ExerciseVideo/ExerciseThumbNailImage/11-Jun-2024_852f58fd-1278-4d33-8189-d5e1d0cf1e99.png,Slightly wider stance. Load the hip of the leg closer to the pulley mimicking the lateral squat. Strong push!,strength:corrective:spine,strength:corrective:spine,ext-load-bil,squat,lower,strength:dumbbells:regular,bilateral,gym,supplemental,,,TRUE
Lateral Load&Lift - Wall Drill,https://iamaspire.aspire.qa/ExerciseVideo/Lateral Load&Lift - Wall Drill.mp4,https://iamaspire.aspire.qa/ExerciseVideo/ExerciseThumbNailImage/11-Jun-2024_f3bae784-9b44-4bcf-8ca0-ab6148248ee1.png,Squeeze the glute and move hip forward. Push the floor with the big toe|| keeping the heel off the ground. Avoid rotational movement of the trunk.,strength:corrective:spine,strength:corrective:spine,ext-load-uni,squat,lower,bodyweight:pull-up-bar,monopedal,"pitch,gym,mobile",corrective,,,TRUE
Lateral Lunge w Plate Reach - DI,https://iamaspire.aspire.qa/ExerciseVideo/Lateral Lunge w Plate Reach - DI.mp4,https://iamaspire.aspire.qa/ExerciseVideo/ExerciseThumbNailImage/11-Jun-2024_b35af578-563f-4f1f-9ba3-fa3ab3ed8dd4.png,Chest out and squeeze the core. Align hip|| knee and ankle. Push the weight in front on the way down.,strength:corrective:spine,strength:corrective:spine,ext-load-uni,squat,lower,free-weight:medicine-ball,bilateral,"pitch,gym,mobile",assistance,,,TRUE
Lateral Shuffle & Cut [continuous],https://iamaspire.aspire.qa/ExerciseVideo/Lateral Shuffle & Cut [continuous].mp4,https://iamaspire.aspire.qa/ExerciseVideo/ExerciseThumbNailImage/11-Jun-2024_516a4d27-91a2-4825-bd68-9411dd70528a.png,Quickly move sideways with cutting movement. Focus on the inline foot placement|| knee alignment and keeping the core engaged,strength:corrective:spine,strength:corrective:spine,ext-load-bil,,"total,lower",functional:box,bipedal,"pitch,gym,mobile",assistance,,,TRUE
Lateral Squat - BW,https://iamaspire.aspire.qa/ExerciseVideo/Lateral Squat - BW.mp4,https://iamaspire.aspire.qa/ExerciseVideo/ExerciseThumbNailImage/11-Jun-2024_6a8f1f4f-82cb-4ffb-8842-a00d41d97435.png,Chest out|| move slowly and core strong. Align hip|| knee and ankle. Pressure over midfoot and heel. Hips back.,strength:corrective:spine,strength:corrective:spine,ext-load-uni,squat,lower,bodyweight:pull-up-bar,monopedal,"gym,pitch,mobile",assistance,,,TRUE
Lateral Walk - Miniband,https://iamaspire.aspire.qa/ExerciseVideo/Lateral Walk - Miniband.mp4,https://iamaspire.aspire.qa/ExerciseVideo/ExerciseThumbNailImage/11-Jun-2024_a04adb15-1ed6-4fd7-b232-f9712a8f4298.png,Core strong and chest out. Keep hip low during movement. Move slowly and control your body. Make wide step.,strength:corrective:spine,strength:corrective:spine,ext-load-uni,,lower,free-weight:resistance-bands,,"pitch,gym,mobile",corrective,,,TRUE
Leg Curl - TG,https://iamaspire.aspire.qa/ExerciseVideo/Leg Curl - TG.mp4,https://iamaspire.aspire.qa/ExerciseVideo/ExerciseThumbNailImage/11-Jun-2024_1053c61c-0eea-42b7-863d-dbc16550a991.png,Knees align with the machine's pivot point. Lower pad just above the heel. Control the movement/tempo.,strength:corrective:spine,strength:corrective:spine,ext-load-bil,primitive,lower,bodyweight:pull-up-bar,monopedal,"gym,mobile",assistance,,,TRUE
Leg Extension - TG,https://iamaspire.aspire.qa/ExerciseVideo/Leg Extension - TG.mp4,https://iamaspire.aspire.qa/ExerciseVideo/ExerciseThumbNailImage/11-Jun-2024_f18bfe3f-41e9-4f89-8c71-fdb361a47cb2.png,Knees align with the machine's pivot point. Lower pad just above the ankle. Control the movement/tempo.,strength:corrective:spine,strength:corrective:spine,ext-load-bil,primitive,lower,functional:keiser,monopedal,"gym,mobile",assistance,,,TRUE
Leg Press - TG,https://iamaspire.aspire.qa/ExerciseVideo/Leg Press - TG.mp4,https://iamaspire.aspire.qa/ExerciseVideo/ExerciseThumbNailImage/11-Jun-2024_8d4ef0da-e814-4307-ac33-ce86bc34d0c8.png,Chest out and squeeze the core. Align hip|| knee|| foot before push. Go down controlled.,strength:corrective:spine,strength:corrective:spine,ext-load-bil,squat,lower,,,gym,assistance,,,TRUE
March - Wall Drill,https://iamaspire.aspire.qa/ExerciseVideo/March - Wall Drill.mp4,https://iamaspire.aspire.qa/ExerciseVideo/ExerciseThumbNailImage/11-Jun-2024_5a50052f-40e9-44f0-a991-216898f867ba.png,Chest out and squeeze the glute. Keep a straight line from head to toe and 45 degree from the floor|| Avoid movement of the trunk.,strength:corrective:spine,strength:corrective:spine,ext-load-uni,run,lower,bodyweight:pull-up-bar,monopedal,"pitch,gym,mobile",corrective,,,TRUE
March in the place,https://iamaspire.aspire.qa/ExerciseVideo/March in the place.mp4,,Strong tall posture when on one leg.,strength:corrective:spine,strength:corrective:spine,ext-load-bil,walk,total,bodyweight:pull-up-bar,monopedal,"pitch,gym,mobile",corrective,,,TRUE
Mid-Thigh High Pull - BB,https://iamaspire.aspire.qa/ExerciseVideo/Mid-Thigh High Pull - BB.mp4,,"Bar at mid-thigh level. Hinge hips back slightly, torso over the bar. Strong push through the floor, extending hips, knees, ankles. As you extend do aggressive vertical pull up to sternum level.",strength:corrective:spine,strength:corrective:spine,ext-load-bil,dl-hinge,"total,lower",strength:dumbbells:regular,bilateral,gym,assistance,,,TRUE
Mid-Thigh Pull - BB,,,"Bar at mid-thigh level. Hinge hips back slightly, torso over the bar. Strong push through the floor, extending hips, knees, ankles. As you extend do aggressive vertical shrug. Arms stay extended.",strength:corrective:spine,strength:corrective:spine,ext-load-bil,dl-hinge,"total,lower",bodyweight:pull-up-bar,bilateral,gym,assistance,,,TRUE
Mobility Squat,https://iamaspire.aspire.qa/ExerciseVideo/Mobility Squat.mp4,https://iamaspire.aspire.qa/ExerciseVideo/ExerciseThumbNailImage/11-Jun-2024_0f16cf99-e755-4c3e-9682-74f895508ff6.png,Decent to the position where the backs of your thighs come into contact with the backs of your calves and challenge that position with various movements.,strength:corrective:spine,strength:corrective:spine,ext-load-bil,squat,lower,free-weight:medicine-ball,bilateral,"pitch,gym,mobile",corrective,,,TRUE
Mountain Climber,https://iamaspire.aspire.qa/ExerciseVideo/Mountain Climber.mp4,,"High plank position, core braced. Body in a straight line from head to heels. Drive the knees towards the chest in alternating fashion with rhythm.",strength:corrective:spine,strength:corrective:spine,ext-load-bil,,"total,core",,bilateral,"pitch,gym,mobile",assistance,,,TRUE
Multidirectional Lunge - BB,https://iamaspire.aspire.qa/ExerciseVideo/Multidirectional Lunge - BB.mp4,,"Place the barbell on your upper back, then lunging forward, to the side, and backward in a controlled sequence on each leg, keeping your torso upright and core engaged throughout.",strength:corrective:spine,strength:corrective:spine,ext-load-uni,squat,lower,free-weight:external-load,monopedal,gym,assistance,torsional,,TRUE
Multidirectional Lunge - BW,https://iamaspire.aspire.qa/ExerciseVideo/Multidirectional Lunge - BW.mp4,https://iamaspire.aspire.qa/ExerciseVideo/ExerciseThumbNailImage/11-Jun-2024_141ddc39-3bcc-4904-89f1-7701f724ba83.png,"Chest up and core engaged. Step forward, sideways, and backward with control, keeping your knee aligned with your foot. Push back to the start position after each lunge, maintaining balance and posture throughout.",strength:corrective:spine,strength:corrective:spine,ext-load-uni,squat,lower,,monopedal,gym,assistance,torsional,,TRUE
Multidirectional Lunge - WB,https://iamaspire.aspire.qa/ExerciseVideo/Multidirectional Lunge - WB.mp4,,"Chest up and core engaged. Step forward, sideways, and backward with control, keeping your knee aligned with your foot. Push back to the start position after each lunge, maintaining balance and posture throughout.",strength:corrective:spine,strength:corrective:spine,ext-load-uni,squat,lower,bodyweight:pull-up-bar,monopedal,gym,assistance,torsional,,TRUE
Narrow Bench Press - DB,https://iamaspire.aspire.qa/ExerciseVideo/Narrow Bench Press - DB.mp4,,"Lay on the bench holding two dumbbells close together above your chest. Lower them with elbows tight to your sides, then press back up, focusing on triceps control.",strength:corrective:spine,strength:corrective:spine,ext-load-bil,press,upper,bodyweight:pull-up-bar,bilateral,gym,,linear,,TRUE
Nordic Hamstring - NordBord,https://iamaspire.aspire.qa/ExerciseVideo/Nordic Hamstring - NordBord.mp4,https://iamaspire.aspire.qa/ExerciseVideo/ExerciseThumbNailImage/11-Jun-2024_8117bf3c-fea4-4dbe-924d-151f42861d40.png,Chest out and strong core. Squeeze the glutes to avoid arching. Go down slowly as deep as you can,strength:corrective:spine,strength:corrective:spine,ext-load-bil,,lower,,bipedal,gym,supplemental,linear,,TRUE
Nordic Hamstring - Partner,https://iamaspire.aspire.qa/ExerciseVideo/Nordic Hamstring - Partner.mp4,https://iamaspire.aspire.qa/ExerciseVideo/ExerciseThumbNailImage/11-Jun-2024_5bca0110-b2c8-4544-a3c2-1930e0864864.png,Chest out and strong core. Squeeze the glutes to avoid arching. Go down slowly as deep as you can.,strength:corrective:spine,strength:corrective:spine,ext-load-bil,,lower,functional:partner,bipedal,gym,supplemental,linear,,TRUE
Nordic Hamstring Hip Hinge - NordBord,https://iamaspire.aspire.qa/ExerciseVideo/Nordic Hamstring Hip Hinge - NordBord.mp4,https://iamaspire.aspire.qa/ExerciseVideo/ExerciseThumbNailImage/11-Jun-2024_154494eb-f564-4bc1-8376-11d8be082f92.png,Chest out and strong core. Squeeze the glutes to avoid arching. Go down slowly as deep as you can.,strength:corrective:spine,strength:corrective:spine,ext-load-bil,,lower,strength:barbells:olympic,bipedal,gym,supplemental,linear,,TRUE
Offset RDL - TB,https://iamaspire.aspire.qa/ExerciseVideo/Offset RDL - TB.mp4,,"Stand tall holding a trap bar with one foot slightly behind (offset stance). Keep chest up and core tight, hinge at the hips, lowering the bar while maintaining a flat back. Drive through the front heel to return, focusing on glute and hamstring control.",strength:corrective:spine,strength:corrective:spine,ext-load-bil,dl-hinge,total,free-weight:weightlifting-belt,monopedal,gym,supplemental,linear,,TRUE
OH BB Walk w Pelvic Lift,https://iamaspire.aspire.qa/ExerciseVideo/OH BB Walk w Pelvic Lift.mp4,,"Hold the barbell overhead, core tight and glutes engaged to lift the pelvis. Walk forward with control, keeping the bar stable and hips aligned.",strength:corrective:spine,strength:corrective:spine,ext-load-uni,walk,,strength:barbells:olympic,monopedal,,assistance,linear,,TRUE
OH Split Squat - MB,https://iamaspire.aspire.qa/ExerciseVideo/OH Split Squat - MB.mp4,https://iamaspire.aspire.qa/ExerciseVideo/ExerciseThumbNailImage/11-Jun-2024_50c92b8b-0780-47c2-9c98-bdd4a5f4b15b.png,Chest out and squeeze the core. Back leg toes remain on the floor all time. Squeeze the back leg glute for the whole movement. Be nice and tall.,strength:corrective:spine,strength:corrective:spine,ext-load-uni,squat,lower,free-weight:medicine-ball,bipedal,gym,corrective,linear,,TRUE
OHP - DB,https://iamaspire.aspire.qa/ExerciseVideo/OHP - DB.mp4,https://iamaspire.aspire.qa/ExerciseVideo/ExerciseThumbNailImage/11-Jun-2024_a780fb6a-a386-476d-85d3-0b346cbfb16c.png,Press the dumbbells from shoulder position above your head (close to fully extended arms)|| while maintaining the ready position,strength:corrective:spine,strength:corrective:spine,ext-load-bil,press,upper,free-weight:weightlifting-belt,monopedal,gym,,linear,,TRUE
OHP - DI,https://iamaspire.aspire.qa/ExerciseVideo/OHP - DI.mp4,,Press the dumbbells from shoulder position above your head (close to fully extended arms)|| while maintaining the ready position,strength:corrective:spine,strength:corrective:spine,ext-load-bil,press,upper,,bilateral,gym,,linear,,TRUE
Oscillation Goblet Squat,https://iamaspire.aspire.qa/ExerciseVideo/Oscillation Goblet Squat.mp4,,"Hold a weight close to your chest in a goblet position. Lower into a squat and perform small, quick up-and-down pulses, keeping your core tight and chest up throughout.",strength:corrective:spine,strength:corrective:spine,ext-load-bil,squat,lower,strength:dumbbells:regular,bipedal,"pitch,gym,mobile",assistance,linear,,TRUE
Overhead Squat - BB,https://iamaspire.aspire.qa/ExerciseVideo/Overhead Squat - BB.mp4,,"Hold the barbell overhead with arms locked out and core tight. Lower into a squat, keeping the bar stable, chest up, and knees aligned with your feet, then return to standing with control.",strength:corrective:spine,strength:corrective:spine,ext-load-bil,squat,total,bodyweight:pull-up-bar,bipedal,"pitch,gym,mobile",assistance,linear,,TRUE
Paloff Walkout,https://iamaspire.aspire.qa/ExerciseVideo/,,,strength:corrective:spine,strength:corrective:spine,ext-load-bil,,,,,,,,,TRUE
Partner Accel Challenge - IB,https://iamaspire.aspire.qa/ExerciseVideo/Partner Accel Challenge - IB.mp4,https://iamaspire.aspire.qa/ExerciseVideo/ExerciseThumbNailImage/11-Jun-2024_d57152c5-026a-43ca-b39d-a088c6c6edf9.png,"Start in an incline position with your partner providing light resistance with the elastic band. Drive forward explosively, maintaining a strong core and forward lean, challenging acceleration mechanics under tension.",strength:corrective:spine,strength:corrective:spine,ext-load-bil,run,total,free-weight:sandbags,bipedal,"pitch,gym",assistance,torsional,,TRUE
Partner Back to Back Combat [sitting],https://iamaspire.aspire.qa/ExerciseVideo/Partner Back to Back Combat [sitting].mp4,,"Sit back-to-back with your partner, feet flat and knees bent. Press into each other, keeping your core engaged and posture tall throughout the hold.",strength:corrective:spine,strength:corrective:spine,ext-load-bil,crawl,total,strength:barbells:olympic,bipedal,"pitch,gym",assistance,linear,,TRUE
Partner Back to Back Squat,https://iamaspire.aspire.qa/ExerciseVideo/Partner Back to Back Squat.mp4,,"Stand back-to-back with your partner, arms crossed over your chest. Lower together into a squat and rise in sync, keeping contact, core tight, and movement controlled throughout.",strength:corrective:spine,strength:corrective:spine,ext-load-bil,squat,total,bodyweight:pull-up-bar,bipedal,"gym,pitch",assistance,linear,,TRUE
Partner Back to Back Squat Combat,https://iamaspire.aspire.qa/ExerciseVideo/Partner Back to Back Squat Combat.mp4,,"Sit back-to-back with your partner in a squat position, feet flat and knees at 90°. Maintain tension by pressing into each other, keeping your core tight and chest up throughout.",strength:corrective:spine,strength:corrective:spine,ext-load-bil,squat,total,bodyweight:pull-up-bar,bipedal,"gym,pitch",assistance,linear,,TRUE
Partner Crawl Takedown,https://iamaspire.aspire.qa/ExerciseVideo/Partner Crawl Takedown.mp4,https://iamaspire.aspire.qa/ExerciseVideo/ExerciseThumbNailImage/11-Jun-2024_12fbe772-4e2c-49b0-8ac3-eac117538e70.png,"Start in a bear crawl position facing your partner. On cue, crawl forward and attempt to off-balance or gently pull your partner to the ground, using controlled force. Stay low, core engaged and react quickly.",strength:corrective:spine,strength:corrective:spine,ext-load-bil,crawl,core,,bilateral,"pitch,gym",assistance,torsional,,TRUE
Partner Decel Challenge - IB,https://iamaspire.aspire.qa/ExerciseVideo/Partner Decel Challenge - IB.mp4,https://iamaspire.aspire.qa/ExerciseVideo/ExerciseThumbNailImage/11-Jun-2024_ba9eb1df-8bb1-422b-a326-410f02780a71.png,"Start in an incline position with your partner providing light resistance with the elastic band. Drive backward explosively, maintaining a strong core and forward lean, challenging acceleration mechanics under tension.",strength:corrective:spine,strength:corrective:spine,ext-load-bil,run,total,,bipedal,"pitch,gym",assistance,torsional,,TRUE
Partner Lateral Challenge - IB,https://iamaspire.aspire.qa/ExerciseVideo/Partner Lateral Challenge - IB.mp4,https://iamaspire.aspire.qa/ExerciseVideo/ExerciseThumbNailImage/11-Jun-2024_1ef35964-ca13-489e-9cf8-46dab7f31c4b.png,"Face sideways with the iso belt around your waist and partner providing resistance. Step laterally against the tension, keeping your core tight, hips low, and movement controlled.",strength:corrective:spine,strength:corrective:spine,ext-load-bil,run,total,functional:stability-ball,bipedal,"pitch,gym",assistance,lateral,,TRUE
Partner MB Squat Throw,https://iamaspire.aspire.qa/ExerciseVideo/Partner MB Squat Throw.mp4,,"Face your partner, both in a squat position. Simultaneously squat and throw the medicine ball to each other, keeping the core tight and movement explosive.",strength:corrective:spine,strength:corrective:spine,mb-drills-bil,squat,total,strength:barbells:trapbar,bipedal,"pitch,gym",assistance,linear,,TRUE
Partner Pull Combat - PB,https://iamaspire.aspire.qa/ExerciseVideo/Partner Pull Combat - PB.mp4,,"Face your partner, each holding one end of the power band. Pull with force in opposite directions, keeping your stance strong, core tight, and controlling the movement during the struggle.",strength:corrective:spine,strength:corrective:spine,ext-load-bil,pull,total,functional:keiser,bilateral,"pitch,gym",supplemental,linear,,TRUE
Partner Resisted Acceleration [front],https://iamaspire.aspire.qa/ExerciseVideo/Partner Resisted Acceleration [front].mp4,,"Lean forward with your partner holding a band in front for resistance. Drive forward with powerful steps, keeping your core tight and body in a strong acceleration posture.",strength:corrective:spine,strength:corrective:spine,ext-load-bil,run,total,free-weight:external-load,bilateral,"pitch,gym",supplemental,linear,,TRUE
Partner Resisted A-Skip - PB,https://iamaspire.aspire.qa/ExerciseVideo/Partner Resisted A-Skip - PB.mp4,,"With the band around your waist and partner resisting, perform A-skips forward, driving knees high and staying tall and controlled.",strength:corrective:spine,strength:corrective:spine,ext-load-uni,walk,,strength:barbells:olympic,monopedal,"pitch,gym",supplemental,linear,,TRUE
Partner Resisted High Knees [in place] - PB,https://iamaspire.aspire.qa/ExerciseVideo/Partner Resisted High Knees [in place] - PB.mp4,,While partner pulls you with power-band backward|| run with high knee in the place. Stay tall and maintain short ground contact (think of ground is hot).,strength:corrective:spine,strength:corrective:spine,ext-load-bil,run,total,strength:barbells:trapbar,bilateral,"pitch,gym",supplemental,linear,,TRUE
Partner Resisted High Knees [run] - PB,https://iamaspire.aspire.qa/ExerciseVideo/Partner Resisted High Knees [run] - PB.mp4,,"With the band around your waist and partner behind, run in place with high knees. Keep posture tall, core tight, and drive the arms and legs with speed against the resistance.",strength:corrective:spine,strength:corrective:spine,ext-load-bil,run,total,,bilateral,"pitch,gym",supplemental,linear,,TRUE
Partner Resisted Lateral Bound - PB,https://iamaspire.aspire.qa/ExerciseVideo/Partner Resisted Lateral Bound - PB.mp4,,"With the band around your waist, perform explosive lateral bounds, staying low and controlling each landing against your partner's resistance.",strength:corrective:spine,strength:corrective:spine,ext-load-bil,run,total,,bilateral,"pitch,gym",supplemental,lateral,,TRUE
Partner Resisted March [in place] - PB OH,https://iamaspire.aspire.qa/ExerciseVideo/Partner Resisted March [in place] - PB OH.mp4,,"With the power band overhead and your partner holding the other end, march in place, driving your knees high against the resistance, keeping your core tight and posture strong.",strength:corrective:spine,strength:corrective:spine,ext-load-bil,walk,total,functional:box,bilateral,"pitch,gym",supplemental,linear,,TRUE
Partner Resisted March [walk] - PB OH,https://iamaspire.aspire.qa/ExerciseVideo/Partner Resisted March [walk] - PB OH.mp4,,"With the power band overhead and your partner holding the other end, march forward, driving knees high and maintaining a strong posture, while resisting the band's tension.",strength:corrective:spine,strength:corrective:spine,ext-load-bil,walk,total,functional:box,bilateral,"pitch,gym",supplemental,linear,,TRUE
Partner Shoulder to Shoulder Combat,https://iamaspire.aspire.qa/ExerciseVideo/Partner Shoulder to Shoulder Combat.mp4,,"Stand side by side with your partner, shoulders touching. Push against each other using controlled force, staying low, core engaged, and maintaining balance throughout the movement.",strength:corrective:spine,strength:corrective:spine,ext-load-bil,push,total,bodyweight:pull-up-bar,bilateral,"pitch,gym",supplemental,lateral,,TRUE
Partner YB Pull Combat,,,,strength:corrective:spine,strength:corrective:spine,ext-load-bil,,,strength:barbells:olympic,,,,,,TRUE
Pigeon Pose Stretch,https://iamaspire.aspire.qa/ExerciseVideo/Pigeon Pose Stretch.mp4,https://iamaspire.aspire.qa/ExerciseVideo/ExerciseThumbNailImage/11-Jun-2024_a888d193-61fd-40be-a349-956e540e0770.png,"Sit on the floor with one leg bent in front of you, shin angled, and the other leg extended straight back. Keep your hips square and gently lean forward over the front leg to stretch the hip.",strength:corrective:spine,strength:corrective:spine,ext-load-bil,torsion,lower,,monopedal,"pitch,gym,mobile",assistance,torsional,,TRUE
Plate Reaching Squat - DI,https://iamaspire.aspire.qa/ExerciseVideo/Plate Reaching Squat - DI.mp4,https://iamaspire.aspire.qa/ExerciseVideo/ExerciseThumbNailImage/11-Jun-2024_422f2aa6-72e5-48a7-9de5-98823c2394bf.png,"Hold a weight plate close to your chest. As you squat down, extend the plate forward at shoulder height. Keep your core tight, back straight, and use the reach to help with balance and posture.",strength:corrective:spine,strength:corrective:spine,ext-load-bil,squat,lower,,bipedal,"pitch,gym",assistance,linear,,TRUE
Pool Recovery,,,,strength:corrective:spine,strength:corrective:spine,ext-load-bil,,,strength:barbells:olympic,,,,,,TRUE
Pop to Squat,https://iamaspire.aspire.qa/ExerciseVideo/,,,strength:corrective:spine,strength:corrective:spine,ext-load-bil,,lower,,,,,,,TRUE
Power Clean - BB,https://iamaspire.aspire.qa/ExerciseVideo/Power Clean - BB.mp4,,"Lift the bar from your middle-thighs, explode through your hips, and catch it on your shoulders in a front squat. Stand tall to finish.",strength:corrective:spine,strength:corrective:spine,rsi-drills-bil,push,total,bodyweight:pull-up-bar,bilateral,gym,,linear,,TRUE
Prisoner Split Squat - BW,https://iamaspire.aspire.qa/ExerciseVideo/Prisoner Split Squat - BW.mp4,,"Stand in a split stance with hands behind your head. Lower into a squat, keeping your chest up, then push through your front heel to return. Switch legs after reps.",strength:corrective:spine,strength:corrective:spine,ext-load-uni,squat,lower,functional:keiser,bipedal,"pitch,gym,mobile",assistance,linear,,TRUE
Prisoner Squat - BW,https://iamaspire.aspire.qa/ExerciseVideo/Prisoner Squat - BW.mp4,,"Stand with feet shoulder-width apart and hands behind your head. Squat down, keeping your chest up and core tight, then push through your heels to return to standing.",strength:corrective:spine,strength:corrective:spine,ext-load-bil,squat,lower,strength:barbells:olympic,bipedal,"gym,pitch,mobile",assistance,linear,,TRUE
Prone Back Extension [diagonal],https://iamaspire.aspire.qa/ExerciseVideo/Prone Back Extension [diagonal].mp4,https://iamaspire.aspire.qa/ExerciseVideo/ExerciseThumbNailImage/11-Jun-2024_169eb720-343a-42b5-a6fd-db2c25123541.png,"Lie face down with one arm extended overhead and the opposite leg straight back. Lift both diagonally, squeezing your glutes and back, then lower with control. Alternate sides.",strength:corrective:spine,strength:corrective:spine,ext-load-bil,primitive,core,bodyweight:pull-up-bar,bilateral,"pitch,gym,mobile",corrective,linear,,TRUE
Prone Back Extension Y,https://iamaspire.aspire.qa/ExerciseVideo/Prone Back Extension Y.mp4,https://iamaspire.aspire.qa/ExerciseVideo/ExerciseThumbNailImage/11-Jun-2024_8f574353-e692-4d4c-9c19-298a4488e409.png,"Lie face down with arms extended overhead in a Y shape. Lift your chest and arms off the ground, squeezing your shoulder blades together, then lower back down with control.",strength:corrective:spine,strength:corrective:spine,ext-load-bil,primitive,core,bodyweight:pull-up-bar,bilateral,"pitch,gym,mobile",corrective,linear,,TRUE
Pull Up,https://iamaspire.aspire.qa/ExerciseVideo/Pull Up.mp4,,"Hang from a bar with an overhand grip, hands shoulder-width apart. Pull your chest up toward the bar by engaging your back and arms, then lower down with control.",strength:corrective:spine,strength:corrective:spine,ext-load-bil,pull,upper,,bilateral,gym,,linear,,TRUE
Pull Up - PB assisted,https://iamaspire.aspire.qa/ExerciseVideo/Pull Up - PB assisted.mp4,,"Hang with an overhand grip, then pull your chest up toward the bar, using the band for assistance. Lower with control.",strength:corrective:spine,strength:corrective:spine,ext-load-bil,pull,upper,strength:barbells:olympic,bilateral,"gym,mobile",,,,TRUE
Pull Up - Rings,https://iamaspire.aspire.qa/ExerciseVideo/Pull Up - Rings.mp4,,"Hang from the rings with a neutral grip (palms facing each other). Pull your chest up by engaging your back and arms, keeping the movement controlled, then lower slowly to full extension.",strength:corrective:spine,strength:corrective:spine,ext-load-bil,pull,upper,strength:barbells:olympic,bilateral,"gym,mobile",,,,TRUE
Pull Up [ECC],https://iamaspire.aspire.qa/ExerciseVideo/Pull Up [ECC].mp4,,"Jump or step up to the top position of a pull-up, then slowly lower yourself down with control over 3–5 seconds to full extension.",strength:corrective:spine,strength:corrective:spine,ext-load-bil,pull,upper,functional:keiser,bilateral,"gym,mobile",,,,TRUE
Pull Up [ISO hold],https://iamaspire.aspire.qa/ExerciseVideo/Pull Up [ISO hold].mp4,,"Pull yourself up and hold at the top position with your chin above the bar. Keep your core tight and shoulders engaged, maintaining the hold for the desired time.",strength:corrective:spine,strength:corrective:spine,ext-load-bil,pull,upper,,bilateral,"gym,mobile",,,,TRUE
Push & Jerk - BB,https://iamaspire.aspire.qa/ExerciseVideo/Push & Jerk - BB.mp4,https://iamaspire.aspire.qa/ExerciseVideo/ExerciseThumbNailImage/11-Jun-2024_654f7555-e55f-470a-acba-6f4f1e4ca901.png,"Start with the barbell at shoulder height. Dip slightly by bending your knees, then drive up explosively, pushing the bar overhead while splitting or bending your legs to catch it. Stand tall to finish.",strength:corrective:spine,strength:corrective:spine,ext-load-bil,push,total,free-weight:medicine-ball,bilateral,gym,supplemental,linear,,TRUE
Push Throw to Wall - MB,https://iamaspire.aspire.qa/ExerciseVideo/Push Throw to Wall - MB.mp4,,"Hold the medicine ball at chest level. Dip slightly, then explosively push and throw the ball forward into the wall, extending your arms fully. Catch or reset and repeat.",strength:corrective:spine,strength:corrective:spine,mb-drills-bil,press,total,bodyweight:pull-up-bar,bilateral,"pitch,gym",assistance,linear,,TRUE
Push Up,https://iamaspire.aspire.qa/ExerciseVideo/Push Up.mp4,https://iamaspire.aspire.qa/ExerciseVideo/ExerciseThumbNailImage/11-Jun-2024_fdca802e-3d88-4239-842f-4b1ac785beda.png,"Start in a plank position with hands under shoulders. Lower your chest to the floor by bending your elbows, keeping your body straight. Push back up to the starting position.",strength:corrective:spine,strength:corrective:spine,ext-load-bil,push,upper,bodyweight:pull-up-bar,bilateral,"pitch,gym,mobile",assistance,linear,,TRUE
Push Up - DI,https://iamaspire.aspire.qa/ExerciseVideo/Push Up - DI.mp4,,"Place a disc on your back and assume a push-up position. Lower your chest to the ground, keeping your body straight, then push back up, maintaining control and stability throughout the movement.",strength:corrective:spine,strength:corrective:spine,ext-load-bil,push,upper,functional:box,bilateral,"pitch,gym,mobile",assistance,linear,,TRUE
Push Up - Partner,https://iamaspire.aspire.qa/ExerciseVideo/Push Up - Partner.mp4,,,strength:corrective:spine,strength:corrective:spine,ext-load-bil,press,,strength:barbells:olympic,,,,,,TRUE
Push Up - Reverse,,,,strength:corrective:spine,strength:corrective:spine,ext-load-bil,push,,strength:barbells:olympic,,,,,,TRUE
Push Up - Rings,https://iamaspire.aspire.qa/ExerciseVideo/Push Up - Rings.mp4,,"Starting with your arms straight and scapular engaged, lower your body in between the rings by bending your arms. Keep your elbows close to your sides as you descend, and stop once your chest is at the same level as your hands. Push back up to the starting position, keeping your elbows pointed backwards the entire time.",strength:corrective:spine,strength:corrective:spine,ext-load-bil,push,upper,bodyweight:pull-up-bar,bilateral,"pitch,gym,mobile",,,,TRUE
Push Up & Roll Out - BB,https://iamaspire.aspire.qa/ExerciseVideo/Push Up & Rollout - BB.mp4,,"Perform a push-up with hands on a barbell. At the top, drop to your knees and roll the bar forward, keeping your core tight. Pull it back in, return to plank, and repeat.",strength:corrective:spine,strength:corrective:spine,ext-load-bil,push,"upper,core",,bilateral,"pitch,gym",assistance,linear,,TRUE
Push Up [feet elevated] - Rings,https://iamaspire.aspire.qa/ExerciseVideo/Push Up [feet elevated] - Rings.mp4,,"Place your feet up on a box with your arms straight and scapular engaged, lower your body in between the rings by bending your arms. Keep your elbows close to your sides as you descend, and stop once your chest is at the same level as your hands. Push back up to the starting position, keeping your elbows pointed backwards the entire time.",strength:corrective:spine,strength:corrective:spine,ext-load-bil,push,upper,free-weight:medicine-ball,bilateral,"pitch,gym,mobile",,,,TRUE
Push Up Diamond,https://iamaspire.aspire.qa/ExerciseVideo/Push Up Diamond.mp4,https://iamaspire.aspire.qa/ExerciseVideo/ExerciseThumbNailImage/11-Jun-2024_db43cf39-dd38-4d56-a3df-bab1c37baeb0.png,Position your index fingers and thumbs in a diamond shape under your chest|| and extend your arms to elevate your body. Lower your chest towards your hands and keep your back flat then push back up to the starting position.,strength:corrective:spine,strength:corrective:spine,ext-load-bil,push,upper,bodyweight:pull-up-bar,bilateral,"pitch,gym,mobile",,,,TRUE
Push Up Fly,https://iamaspire.aspire.qa/ExerciseVideo/Push Up Fly.mp4,https://iamaspire.aspire.qa/ExerciseVideo/ExerciseThumbNailImage/11-Jun-2024_9e461ff7-e9b2-4702-a5bd-da9358aa0d1a.png,"Keeping your body in a nice straight line, lower your chest to the ground, quickly push back up from the bottom of the push up, exploding up off the ground at the top. Lift your feet and hands up off the ground. As you land, bend your elbows and quickly sink right back to the bottom of the Push Up before exploding back up off the ground.",strength:corrective:spine,strength:corrective:spine,ext-load-bil,push,upper,functional:box,bilateral,"pitch,gym,mobile",,,,TRUE
Push Up Jump,https://iamaspire.aspire.qa/ExerciseVideo/Push Up Jump.mp4,https://iamaspire.aspire.qa/ExerciseVideo/ExerciseThumbNailImage/11-Jun-2024_43e99606-e305-4709-90f4-d9e938d63217.png,"Keeping your body in a nice straight line, lower your chest to the ground, quickly push back up from the bottom of the push up, exploding up off the ground at the top. Lift your hands up off the ground. As you land, bend your elbows and quickly sink right back to the bottom of the Push Up before exploding back up off the ground.",strength:power:jumping,strength:corrective:spine,ext-load-bil,push,upper,bodyweight:pull-up-bar,bilateral,"gym,pitch,mobile",,linear,,TRUE
Push Up Plank Reach,,,,strength:corrective:spine,strength:corrective:spine,ext-load-bil,crawl,core,free-weight:medicine-ball,,"gym,pitch,mobile",,,,TRUE
Push Up to Acceleration,https://iamaspire.aspire.qa/ExerciseVideo/Push Up to Acceleration.mp4,,"Keeping your body in a nice straight line, lower your chest to the ground, quickly push back up from the bottom of the push up, accelerating for 10m.",strength:corrective:spine,strength:corrective:spine,ext-load-bil,push,total,bodyweight:pull-up-bar,bilateral,"gym,pitch,mobile",supplemental,linear,,TRUE
Push Up to Side Plank,https://iamaspire.aspire.qa/ExerciseVideo/Push Up to Side Plank.mp4,https://iamaspire.aspire.qa/ExerciseVideo/ExerciseThumbNailImage/11-Jun-2024_ab113915-0774-4dd9-8809-20be3f6a9032.png,"Hands under the shoulders, feet a bit wider. Perform Push-up and as you lift, shift balance to one hand and take side plank position for a second. Be stable.",strength:corrective:spine,strength:corrective:spine,ext-load-bil,push,"upper,core",bodyweight:pull-up-bar,bilateral,"gym,pitch,mobile",,,,TRUE
Push Up w Clap,https://iamaspire.aspire.qa/ExerciseVideo/Push Up w Clap.mp4,https://iamaspire.aspire.qa/ExerciseVideo/ExerciseThumbNailImage/11-Jun-2024_eda30876-ff26-4e58-97a2-560c425f9d9e.png,Place hands and feet wider than shoulder width. Chest out and core strong. Push as strong and fast that you can with the aim of take off your hand from the ground.,strength:corrective:spine,strength:corrective:spine,ext-load-bil,push,upper,bodyweight:pull-up-bar,bilateral,"pitch,gym,mobile",,,,TRUE
Push Up w Shoulder Tap,https://iamaspire.aspire.qa/ExerciseVideo/Push Up w Shoulder Tap.mp4,https://iamaspire.aspire.qa/ExerciseVideo/ExerciseThumbNailImage/11-Jun-2024_4f57a23e-6314-4fbb-ba3d-505342611519.png,Place hands and feet wider than shoulder width. Chest out and core strong. Squeeze glutes to avoid arching the lower back. Keep trunk and pelvis fixed.,strength:corrective:spine,strength:corrective:spine,ext-load-bil,push,"upper,core",bodyweight:pull-up-bar,bilateral,"pitch,gym,mobile",,,,TRUE
Quad - FoamRoller,https://iamaspire.aspire.qa/ExerciseVideo/Quad - FoamRoller.mp4,https://iamaspire.aspire.qa/ExerciseVideo/ExerciseThumbNailImage/11-Jun-2024_4f7611ed-b68f-441d-84ca-23e099301b16.png,Search trigger points and push on it keeping the pressure constant. Scale of pain out of 10 never more than 8 release it until 3-4.,strength:corrective:spine,strength:corrective:spine,ext-load-bil,,lower,bodyweight:pull-up-bar,bilateral,"pitch,gym,mobile",,,,TRUE
Quadruped Pelvic Tilts,https://iamaspire.aspire.qa/ExerciseVideo/Quadruped Pelvic Tilts.mp4,https://iamaspire.aspire.qa/ExerciseVideo/ExerciseThumbNailImage/11-Jun-2024_a6be14be-fadc-4430-b1d0-84f75083460e.png,Close eyes and focus only on hip movement. Make sure do not move other part of body except hip. Move slowly.,strength:corrective:spine,strength:corrective:spine,ext-load-bil,,core,,quadruped,"gym,pitch,mobile",,,,TRUE
Quadruped Scapula Protraction&Retraction,https://iamaspire.aspire.qa/ExerciseVideo/Quadruped Scapula Protraction&Retraction.mp4,https://iamaspire.aspire.qa/ExerciseVideo/ExerciseThumbNailImage/11-Jun-2024_114ff82c-7ece-44b1-938f-0e2761b32af8.png,Close eyes and focus only on upper back movement. Make sure do not move other part of body except upper back. Move slowly.,strength:corrective:spine,strength:corrective:spine,ext-load-bil,,upper,,quadruped,"pitch,gym,mobile",,,,TRUE
Quarter Back Squat - BB,https://iamaspire.aspire.qa/ExerciseVideo/Quarter Back Squat - BB.mp4,https://iamaspire.aspire.qa/ExerciseVideo/ExerciseThumbNailImage/11-Jun-2024_2ddfbebf-a57e-44e4-a855-ab6388bbf925.png,"Dip under the bar to put it behind the neck across the top of the back, and grip the bar with the hands wider than shoulder-width apart. Lift the chest up and squeeze the shoulder blades together to keep the straight back throughout the entire movement. Lower your body until your knees are bent at about a 45-degree angle.",strength:corrective:spine,strength:corrective:spine,ext-load-bil,squat,lower,,bipedal,gym,supplemental,,,TRUE
RDL - BB,https://iamaspire.aspire.qa/ExerciseVideo/RDL - BB.mp4,https://iamaspire.aspire.qa/ExerciseVideo/ExerciseThumbNailImage/11-Jun-2024_9475d14e-c303-4b64-89c6-5cd021bdb9ef.png,"Begin the downward movement by lowering the bar slowly, making sure that the bar remains as close as possible to the body. As the bar is lowered, the hips flex and move backward, the knees remain slightly flexed and the shoulders move forward and remain directly over, or in front of, the bar. Once the bar reaches its lowest point, instead of hinging at the hip and bringing the barbell back into the hip, you will perform a clean and step forward onto a box.",strength:corrective:spine,strength:corrective:spine,ext-load-bil,dl-hinge,lower,strength:barbells:olympic,bipedal,"pitch,gym,mobile",,,,TRUE
RDL - KB,https://iamaspire.aspire.qa/ExerciseVideo/RDL - KB.mp4,https://iamaspire.aspire.qa/ExerciseVideo/ExerciseThumbNailImage/11-Jun-2024_6d63d4e3-9348-4f05-b92b-ffe2b5965e1e.png,"Begin the downward movement by lowering the kettlebell slowly. As the kettlebell is lowered, the hips flex and move backward, the knees remain slightly flexed and the shoulders move forward and remain directly over. Once the kettlebell reaches its lowest point, extend the hips to begin the upward movement. The hips move forward as they extend, while the shoulders move backward as the torso moves toward the vertical position.",strength:corrective:spine,strength:corrective:spine,ext-load-bil,dl-hinge,lower,strength:kettlebells,bipedal,"pitch,gym,mobile",assistance,,,TRUE
RDL - Landmine,https://iamaspire.aspire.qa/ExerciseVideo/RDL - Landmine.mp4,https://iamaspire.aspire.qa/ExerciseVideo/ExerciseThumbNailImage/11-Jun-2024_5d0e7aa7-2578-40ec-9bfa-0c46e7e0140d.png,Stand with a bar in between your legs and lay the bar in the notch of a v-bar with both hands on the handle. Stand tall and begin the RDL by pushing your hips back and hinging forward until the bar is just below knee height. Drive through the whole foot and focus on pushing the floor away.,strength:corrective:spine,strength:corrective:spine,ext-load-bil,dl-hinge,lower,functional:harness,bipedal,gym,assistance,,,TRUE
RDL - TB,https://iamaspire.aspire.qa/ExerciseVideo/RDL - TB.mp4,https://iamaspire.aspire.qa/ExerciseVideo/ExerciseThumbNailImage/11-Jun-2024_cd314940-864a-4a8f-8cc0-da8cece0ccd8.png,Stand inside of the trap bar with a hip width stance. Assume a neutral grip on the handles and deadlift the weight into position at the top with the hips and knees locked out. Begin the RDL by pushing your hips back and hinging forward until the bar is just below knee height. Drive through the whole foot and focus on pushing the floor away.,strength:corrective:spine,strength:corrective:spine,ext-load-bil,dl-hinge,lower,strength:barbells:olympic,bipedal,gym,supplemental,,,TRUE
RDL Clean to Box - BB,https://iamaspire.aspire.qa/ExerciseVideo/RDL Clean to Box - BB.mp4,https://iamaspire.aspire.qa/ExerciseVideo/ExerciseThumbNailImage/11-Jun-2024_2941a0a6-951c-45a6-adec-084e271ebb5f.png,"Begin the downward movement by lowering the bar slowly, making sure that the bar remains as close as possible to the body. As the bar is lowered, the hips flex and move backward, the knees remain slightly flexed and the shoulders move forward and remain directly over, or in front of, the bar. Once the bar reaches its lowest point, instead of hinging at the hip and bringing the barbell back into the hip, you will perform a clean and step forward onto a box.",strength:corrective:spine,strength:corrective:spine,ext-load-uni,dl-hinge,total,functional:box,monopedal,gym,,,,TRUE
RDL Clean to Box Step Up - BB,https://iamaspire.aspire.qa/ExerciseVideo/RDL Clean to Box Step Up - BB.mp4,https://iamaspire.aspire.qa/ExerciseVideo/ExerciseThumbNailImage/11-Jun-2024_3265aa4a-800c-495f-b096-d0abb763fce9.png,"Begin the downward movement by lowering the bar slowly, making sure that the bar remains as close as possible to the body. As the bar is lowered, the hips flex and move backward, the knees remain slightly flexed and the shoulders move forward and remain directly over, or in front of, the bar. Once the bar reaches its lowest point, instead of hinging at the hip and bringing the barbell back into the hip, you will perform a clean and step forward onto a box and step up.",strength:corrective:spine,strength:corrective:spine,ext-load-uni,dl-hinge,total,strength:dumbbells:regular,monopedal,gym,,,,TRUE
Renegade Rows - DB,https://iamaspire.aspire.qa/ExerciseVideo/Renegade Rows - DB.mp4,,,strength:corrective:spine,strength:corrective:spine,ext-load-uni,primitive,,,,,,,,TRUE
Resisted Dedbug - KS,https://iamaspire.aspire.qa/ExerciseVideo/,,,strength:corrective:spine,strength:corrective:spine,ext-load-bil,,,,,,,,,TRUE
Reverse Crunch,https://iamaspire.aspire.qa/ExerciseVideo/Reverse Crunch.mp4,,"Bend your legs at the knee and brace your abs to slowly raise your legs so the knees are directly over your hips and your lower legs are parallel to the floor (bent 90 degrees). Contract the abs as you exhale to curl your hips and knees toward your chest, with only your hips coming off the floor as you curl. Return slowly to the starting position as you inhale, with your knees over your hips still bent 90 degrees.",strength:corrective:spine,strength:corrective:spine,ext-load-bil,,core,functional:box,bilateral,"pitch,gym,mobile",,,,TRUE
Reverse Lunge - BB,https://iamaspire.aspire.qa/ExerciseVideo/Reverse Lunge - BB.mp4,,"Elevate your chest and brace your core by tensing your abdominal muscles. Initiate the movement by stepping straight back with one foot, keeping the other foot firmly planted. As you step back, maintain a vertical alignment to prevent any sideways shift that could disrupt your balance.",strength:corrective:spine,strength:corrective:spine,ext-load-uni,squat,lower,bodyweight:pull-up-bar,monopedal,gym,,,,TRUE
Reverse Nordic - BW,https://iamaspire.aspire.qa/ExerciseVideo/Reverse Nordic - BW.mp4,,Start in a tall knee position and slowly lean backwards as far as you can without falling and keeping a neutral hip angle. Keep the core braced to hold a neutral spine.,strength:corrective:spine,strength:corrective:spine,ext-load-bil,carry,lower,bodyweight:pull-up-bar,bilateral,"pitch,gym,mobile",,,,TRUE
Reverse Nordic - DI,https://iamaspire.aspire.qa/ExerciseVideo/Reverse Nordic - DI.mp4,,"Start in a tall knee position, holding the disc, and slowly lean backwards as far as you can without falling and keeping a neutral hip angle. Keep the core braced to hold a neutral spine.",strength:corrective:spine,strength:corrective:spine,ext-load-bil,carry,lower,strength:barbells:trapbar,bilateral,"pitch,gym,mobile",,,,TRUE
Reverse Step w Row - KS,https://iamaspire.aspire.qa/ExerciseVideo/Reverse Step w Row - KS.mp4,,"Simultaneously step backward with one foot while pulling the handle towards your torso, keeping your elbows close to your body. Focus on squeezing your shoulder blades together at the peak of the movement. Step forward to the starting position while extending your arms back to the initial position.",strength:corrective:spine,strength:corrective:spine,ext-load-uni,pull,total,bodyweight:pull-up-bar,monopedal,gym,,,,TRUE
Reverse to Forward Lunge - BB,https://iamaspire.aspire.qa/ExerciseVideo/Reverse to Forward Lunge - BB.mp4,https://iamaspire.aspire.qa/ExerciseVideo/ExerciseThumbNailImage/11-Jun-2024_dd63554b-f6c5-47b7-a84e-c367cda41c7a.png,"Begin by shifting forward and powerfully pushing off the ground with your back leg, while straightening the front knee and hip.",strength:corrective:spine,strength:corrective:spine,ext-load-uni,squat,lower,free-weight:power-band,monopedal,gym,,,,TRUE
Roll Fwd Bkw,https://iamaspire.aspire.qa/ExerciseVideo/,,,strength:corrective:spine,strength:corrective:spine,ext-load-bil,,total,,,,,,,TRUE
Roll Hip Flex,https://iamaspire.aspire.qa/ExerciseVideo/,,,strength:corrective:spine,strength:corrective:spine,ext-load-bil,,total,,,,,,,TRUE
Roll SL,https://iamaspire.aspire.qa/ExerciseVideo/,,,strength:corrective:spine,strength:corrective:spine,ext-load-bil,,total,,,,,,,TRUE
Roll Squat,https://iamaspire.aspire.qa/ExerciseVideo/,,,strength:corrective:spine,strength:corrective:spine,ext-load-bil,,total,,,,,,,TRUE
Roll Stand,https://iamaspire.aspire.qa/ExerciseVideo/,,,strength:corrective:spine,strength:corrective:spine,ext-load-bil,,total,,,,,,,TRUE
Rolling Squat - DI,https://iamaspire.aspire.qa/ExerciseVideo/Rolling Squat - DI.mp4,https://iamaspire.aspire.qa/ExerciseVideo/ExerciseThumbNailImage/11-Jun-2024_8290d17d-91a1-4f26-b4e2-6dbea1510352.png,"Stand up with your feet shoulder-width apart holding the disc. Bend your knees and press your hips back, until the glutes touch the floor. Roll back with your knees bent. Roll forward into the squat position and stand up.",strength:corrective:spine,strength:corrective:spine,ext-load-bil,squat,total,strength:kettlebells,bipedal,"pitch,gym,mobile",assistance,,,TRUE
Rollout - BB,https://iamaspire.aspire.qa/ExerciseVideo/Rollout - BB.mp4,https://iamaspire.aspire.qa/ExerciseVideo/ExerciseThumbNailImage/11-Jun-2024_be2e20c9-8d67-4af8-b62e-cbc6cd0c0967.png,"Start in a tall kneeling position with hands around shoulder width apart on bar, core engaged. Roll forward with the back straight, no arching, core tight and hips moving with the torso. Keep arms even, no rotation, bar path straight. Bar should be approximately shoulder height or slightly lower when extended.",strength:corrective:spine,strength:corrective:spine,ext-load-bil,,core,functional:box,,"pitch,gym,mobile",assistance,,,TRUE
Rollout [kneeling] - TRX,https://iamaspire.aspire.qa/ExerciseVideo/Rollout [kneeling] - TRX.mp4,,"Kneel facing away from anchor point (under TRX) with your spine neutral, avoiding any rounding of the back. Squeeze your glutes and brace your core. Roll forward, keeping your arms straight and aligned with your body, back remains flat. Avoid letting your hips sag or rise in end position. Pull yourself back to the starting position by driving your elbows down and towards your knees. Inhale out, exhale while returning.",strength:corrective:spine,strength:corrective:spine,ext-load-bil,,core,strength:barbells:olympic,,"pitch,gym",,,,TRUE
Rollout [standing] - TRX,https://iamaspire.aspire.qa/ExerciseVideo/Rollout [standing] - TRX.mp4,,"Stand facing away from anchor point (under TRX). Feet hip-width apart and arms extended in front of you, holding handles with neutral grip. Brace your core and squeeze your glutes. Slowly lean forward, guiding the TRX handles above your head with straight arms. Form a straight line from head to heels, and avoid letting your lower back arch. Inhale as you roll out, and exhale while returning to the starting position.",strength:corrective:spine,strength:corrective:spine,ext-load-bil,,core,free-weight:medicine-ball,,"pitch,gym",,,,TRUE
Rope Climbing,https://iamaspire.aspire.qa/ExerciseVideo/Rope Climbing.mp4,,Use a firm grip and engage your legs to push yourself upward. Keep your body aligned. Reach with your arms high as possible and lift your knees towards your chest high as possible then push and pull yourself upwards rep by rep.,strength:corrective:spine,strength:corrective:spine,ext-load-bil,pull,"upper,core",bodyweight:pull-up-bar,,gym,,,,TRUE
Rope Jumping,https://iamaspire.aspire.qa/ExerciseVideo/Rope Jumping.mp4,,"Adjust rope, when you stand on its center, the handles reach your armpits. Keep your knees slightly bent. Jump lightly on the balls of your feet, keeping your heels off the ground. Rotate the rope with your wrists rather than swinging your arms. Keep elbows near your ribs. Minimize ground contact (Floor is lava). Avoid breaking too much in hips/knees/ankles.",coordination:reaction,strength:corrective:spine,ext-load-bil,jump,lower,,,"pitch,gym,mobile",,,,TRUE
Rotational Clean&Press - Landmine,https://iamaspire.aspire.qa/ExerciseVideo/Rotational Clean&Press - Landmine.mp4,,"Feet shoulder-width apart, slight bend in knees. Hinge forward, back straight and core tight. Grip the barbell with a neutral wrist. Drive through hips and legs to explosively lift the BB to chest height. Pivot on your back foot and rotate your torso toward the landmine. Switch hands during rotation then press the BB overhead, rotating your torso to face the direction of the press. Arm is fully extended. Lower the barbell back to the starting position and reset.",strength:corrective:spine,strength:corrective:spine,ext-load-uni,press,total,,,"pitch,gym",,,,TRUE
Rowing Machine - Concept2,https://iamaspire.aspire.qa/ExerciseVideo/Rowing Machine - Concept2.mp4,https://iamaspire.aspire.qa/ExerciseVideo/ExerciseThumbNailImage/11-Jun-2024_9aeba260-b5b5-46ea-b6c3-0a48dd1e2a6a.png,Chest out and squeeze the core. Push away front the big toe first. Pull back from you arms.,strength:corrective:spine,strength:corrective:spine,ext-load-bil,,total,,,gym,,,,TRUE
Run for Stick Catch - Partner,https://iamaspire.aspire.qa/ExerciseVideo/Run for Stick Catch - Partner.mp4,,"In athletic position, stand with your partner facing each other 3 to 5 meters apart holding the stick next to you. On a ""go"", quickly change and make sure grabbing the stick on time. Reset.",strength:corrective:spine,strength:corrective:spine,ext-load-bil,run,total,strength:barbells:olympic,,"pitch,gym",,,,TRUE
run1,https://iamaspire.aspire.qa/ExerciseVideo/25-Aug-2025_faebde98-3d8a-4298-89f1-96e7afaae896.mp4,,,strength:corrective:spine,strength:corrective:spine,ext-load-bil,dl-hinge,,,monopedal,,,,,TRUE
Running,https://iamaspire.aspire.qa/ExerciseVideo/,,,strength:corrective:spine,strength:corrective:spine,ext-load-bil,run,total,,,"pitch,gym,mobile",,,,TRUE
Running 15-15,,,"Run with a predetermined pace/speed or cover a certain distance within 15 seconds, then rest for 15 seconds. Follow sets and reps from coach.",strength:corrective:spine,strength:corrective:spine,ext-load-bil,run,total,bodyweight:pull-up-bar,,"pitch,gym,mobile",,,,TRUE
SA Bent Over Row - DB,https://iamaspire.aspire.qa/ExerciseVideo/SA Bent Over Row - DB.mp4,https://iamaspire.aspire.qa/ExerciseVideo/ExerciseThumbNailImage/11-Jun-2024_8e08b7fa-7361-4372-b406-6ce372872a35.png,"Stay one big step away from bench. Lean forward and place your non-working arm on the bench, maintain a neutral spine by engaging your core muscles. Avoid rounding or excessively arching back. Grab the DB and pull upward by driving your elbow straight back, keeping it close to your torso. Focus on squeeze your shoulder blade at the top of the movement. Lower the DB back to the starting position in a slow and controlled manner",strength:corrective:spine,strength:corrective:spine,ext-load-uni,pull,upper,bodyweight:pull-up-bar,,"pitch,gym",,,,TRUE
SA Bent Over Rows - Partner,https://iamaspire.aspire.qa/ExerciseVideo/SA Bent Over Rows - Partner.mp4,,"Player A is in a push up position perpendicular to Player B. Player B grabs Player A's ankle, and performs rowing movement. Avoid rounding or excessively arching back. Pull upward by driving your elbow straight back, keeping it close to your torso. on squeeze your shoulder blade at the top of the movement. Lower partner's leg back to the starting position in a slow and controlled manner.",strength:corrective:spine,strength:corrective:spine,ext-load-uni,pull,upper,strength:barbells:olympic,,"pitch,gym",,,,TRUE
SA Clean and Split Jerk - Landmine,https://iamaspire.aspire.qa/ExerciseVideo/SA Clean and Split Jerk - Landmine.mp4,https://iamaspire.aspire.qa/ExerciseVideo/ExerciseThumbNailImage/11-Jun-2024_8871f7fe-fa63-40d2-bc96-d55fe580fd82.png,"Stand with your feet about shoulder-width apart. Focus on extending your hips and knees at the same time, explode through the hips. Pull the elbow up and out. Quickly drop under, keeping the bar close. Dip: Shallow dip, chest tall. Drive: Explode through the legs. Split: Quick split, front knee bent. Lock Out: Arm fully extended, head through. Step front foot back, then rear foot forward. Ensure balance before lowering bar.",strength:corrective:spine,strength:corrective:spine,ext-load-uni,press,total,functional:keiser,,,,,,TRUE
SA Horizontal Row - FW[V12],https://iamaspire.aspire.qa/ExerciseVideo/SA Horizontal Row - FW[V12].mp4,https://iamaspire.aspire.qa/ExerciseVideo/ExerciseThumbNailImage/11-Jun-2024_579d2567-5064-4755-93f2-74587307c043.png,"Stand tall, knees slightly bent, keep core tight. Grab handle firmly, palm facing inward. Pull handle to torso, elbow close to body. Squeeze shoulder blade, row back. Control the return, resist the flywheel.",strength:corrective:spine,strength:corrective:spine,ext-load-uni,pull,upper,strength:barbells:olympic,,gym,,,,TRUE
SA Horizontal Row w Rotation - FW[V12],https://iamaspire.aspire.qa/ExerciseVideo/SA Horizontal Row w Rotation - FW[V12].mp4,https://iamaspire.aspire.qa/ExerciseVideo/ExerciseThumbNailImage/11-Jun-2024_8ffe7d97-9d29-4dc2-8ea6-e1a2d6c824f6.png,"Stand tall, feet stable, knees slightly bent, core tight. Hold handle with one hand, palm facing inward. Row back with elbow close, rotate torso. Squeeze shoulder blade and rotate to the side. Twist torso as you pull, not just the arm. Control the return, resist the flywheel. Keep chest open, avoid collapsing.",strength:corrective:spine,strength:corrective:spine,ext-load-uni,pull,upper,functional:box,,gym,,,,TRUE
SA Kettlebell Swing - KB,https://iamaspire.aspire.qa/ExerciseVideo/SA Kettlebell Swing - KB.mp4,https://iamaspire.aspire.qa/ExerciseVideo/ExerciseThumbNailImage/11-Jun-2024_4c7369af-61a0-49b7-a32c-0b70a90ab542.png,"Stand tall, feet hip-width apart, slight bend in knees. Hold kettlebell with one hand, palm facing inward. Push hips back, not down, keeping back straight. Drive hips forward, swing kettlebell overhead. Let the kettlebell drop between legs, hinge again. Exhale as you swing up, inhale on the way down. Keep chest up, shoulders back, avoid rounding lower back.",strength:corrective:spine,strength:corrective:spine,ext-load-uni,dl-hinge,total,strength:barbells:olympic,,"pitch,gym",,,,TRUE
SA Push Jerk - Landmine,https://iamaspire.aspire.qa/ExerciseVideo/SA Push Jerk - Landmine.mp4,https://iamaspire.aspire.qa/ExerciseVideo/ExerciseThumbNailImage/11-Jun-2024_c6363683-e488-434d-8927-0d34c99d8950.png,"Stand tall, feet shoulder-width apart. Hold the barbell with one hand, elbow bent at 90°. Bend knees slightly, load your legs without leaning forward. Explosively extend through the legs, pressing the bar overhead. As you drive up, lock your arm and punch through. Fully extend your arm at the top, keeping a stable torso. Control the descent, lower bar with control back to starting position.a",strength:corrective:spine,strength:corrective:spine,ext-load-uni,press,total,functional:box,,gym,,,,TRUE
SA Seated Row - FW[V12],https://iamaspire.aspire.qa/ExerciseVideo/SA Seated Row - FW[V12].mp4,https://iamaspire.aspire.qa/ExerciseVideo/ExerciseThumbNailImage/11-Jun-2024_d3c22d2b-528f-4af9-a61c-f480c101cf3f.png,"Sit tall, back straight, feet flat against machine. Grab the handle with one hand, palm facing inward. Brace your core, keep your chest lifted. Row handle toward your torso, elbow close to body. Squeeze your shoulder blade at the end of the movement. Slowly return the handle, resisting the flywheel.",strength:corrective:spine,strength:corrective:spine,ext-load-uni,pull,upper,,,gym,,,,TRUE
SA Split Jerk - Landmine,https://iamaspire.aspire.qa/ExerciseVideo/SA Split Jerk - Landmine.mp4,https://iamaspire.aspire.qa/ExerciseVideo/ExerciseThumbNailImage/11-Jun-2024_aae095ae-1afa-4aae-a13a-24c5886061dd.png,"Stand with feet hip-width apart. Hold the barbell with one hand, elbow bent. Bend knees slightly, load your legs without leaning forward too much. Explosively extend through the legs, press the bar overhead. As the bar moves up, split your legs, landing in a split stance position. Fully extend your arm and legs, keep core tight. Bring your feet back together after stabilizing the bar.",strength:corrective:spine,strength:corrective:spine,ext-load-uni,press,total,bodyweight:pull-up-bar,,gym,,,,TRUE
SA Split Stance Row - FW[D11],https://iamaspire.aspire.qa/ExerciseVideo/SA Split Stance Row - FW[D11].mp4,https://iamaspire.aspire.qa/ExerciseVideo/ExerciseThumbNailImage/11-Jun-2024_be325123-e0a4-493d-aa7e-c19cd34f913e.png,"Stand in a split stance, one foot on machine, one foot back. Grab the handle with one hand, palm facing inward. Brace your core, maintain a neutral spine. Pull the handle toward your torso, elbow close to your side. Squeeze your shoulder blade at the end of the movement. Slowly return the handle, resisting the flywheel.",strength:corrective:spine,strength:corrective:spine,ext-load-uni,pull,upper,functional:keiser,,gym,,,,TRUE
Seated Calf Raise - SM,https://iamaspire.aspire.qa/ExerciseVideo/Seated Calf Raise - SM.mp4,,"Sit on the box, balls of feet on box, knees at 90°, heels hanging off. Position the bar just above your thighs. Press through the balls of your feet, raise heels as high as possible. Squeeze your calves at the top of the movement. Lower your heels slowly, fully stretching the calves at the bottom. Keep your back straight and knees stationary throughout the movement.",strength:corrective:spine,strength:corrective:spine,ext-load-bil,,lower,,,gym,,,,TRUE
Serape Push&Pull - KS,https://iamaspire.aspire.qa/ExerciseVideo/Serape Push&Pull - KS.mp4,https://iamaspire.aspire.qa/ExerciseVideo/ExerciseThumbNailImage/11-Jun-2024_88dd4055-2d22-4363-8ad2-c3ce6faf8693.png,Maintain an athletic stance with a strong core and neutral spine. Push with one arm while simultaneously pulling with the other—focus on full range and control in both directions. Keep shoulders relaxed and rotate the torso.,strength:corrective:spine,strength:corrective:spine,ext-load-uni,,,bodyweight:pull-up-bar,,,,,,TRUE
Short Post,https://iamaspire.aspire.qa/ExerciseVideo/,,,strength:corrective:spine,strength:corrective:spine,ext-load-bil,,total,,,,,,,TRUE
Short Side Plank Clam - Miniband,https://iamaspire.aspire.qa/ExerciseVideo/Short Side Plank Clam - Miniband.mp4,https://iamaspire.aspire.qa/ExerciseVideo/ExerciseThumbNailImage/11-Jun-2024_f78d11e9-e473-4844-8a7a-72682a8a7046.png,Chest out|| squeeze glutes and core strong. Avoid rotation while open the leg. Keep the position at the end of movement for few seconds.,strength:corrective:spine,strength:corrective:spine,ext-load-uni,crawl,core,free-weight:resistance-bands,,"gym,pitch",,,,TRUE
Short Side Plank w Hip Flexion,https://iamaspire.aspire.qa/ExerciseVideo/Short Side Plank w Hip Flexion.mp4,https://iamaspire.aspire.qa/ExerciseVideo/ExerciseThumbNailImage/11-Jun-2024_4245acaa-5ed1-46fb-8035-85ecc1718163.png,Chest out|| back straight. Actively squeeze core muscles. Toes up|| knee in front of your body during the movement. Straight line head to heel.,strength:corrective:spine,strength:corrective:spine,ext-load-uni,crawl,core,bodyweight:pull-up-bar,,"gym,pitch,mobile",,,,TRUE
Short Side Plank w ISO Hip Flexion,https://iamaspire.aspire.qa/ExerciseVideo/Short Side Plank w ISO Hip Flexion.mp4,https://iamaspire.aspire.qa/ExerciseVideo/ExerciseThumbNailImage/11-Jun-2024_39d4f916-78e9-4cd0-b048-6e1ecd564516.png,Chest out. Squeeze glutes and core strong. Shoulder and elbow same line. Hip remain high and rotated forward.,strength:corrective:spine,strength:corrective:spine,ext-load-uni,crawl,core,bodyweight:pull-up-bar,,"gym,pitch,mobile",,,,TRUE
Shoulder Shrugs - DB,https://iamaspire.aspire.qa/ExerciseVideo/Shoulder Shrugs - DB.mp4,,"Stand tall with a dumbbell in each hand, arms relaxed by your sides. Elevate your shoulders straight up toward your ears without rolling them. Pause briefly at the top, then lower under control—keep the neck relaxed throughout.",strength:corrective:spine,strength:corrective:spine,ext-load-bil,pull,upper,strength:barbells:trapbar,,"gym,mobile",assistance,,,TRUE
Side Lying Clam - Miniband,https://iamaspire.aspire.qa/ExerciseVideo/Side Lying Clam - Miniband.mp4,https://iamaspire.aspire.qa/ExerciseVideo/ExerciseThumbNailImage/11-Jun-2024_d52415a1-7a05-4d6e-9d43-9caaa04bc0ef.png,Avoid pelvis rotation. Move the knee up slowly. Reach as much as you can. Keep at the maximum point of tension for 3 to 5 seconds.,strength:corrective:spine,strength:corrective:spine,ext-load-uni,,,,,"gym,pitch",,,,TRUE
Side Plank,https://iamaspire.aspire.qa/ExerciseVideo/Side Plank.mp4,https://iamaspire.aspire.qa/ExerciseVideo/ExerciseThumbNailImage/11-Jun-2024_cfa178c9-bff9-4ae9-8bdd-1ecc81b6d710.png,Chest out and keep back straight. Actively squeeze core muscles. Avoid movement of the hip and trunk. Keep always a straight line head to heel.,strength:corrective:spine,strength:corrective:spine,ext-load-uni,crawl,core,bodyweight:pull-up-bar,,"gym,pitch,mobile",,,,TRUE
Side Plank [1 leg],https://iamaspire.aspire.qa/ExerciseVideo/Side Plank [1 leg].mp4,https://iamaspire.aspire.qa/ExerciseVideo/ExerciseThumbNailImage/11-Jun-2024_1cbae686-c8d7-4c07-9e71-7c7a54544ea8.png,Chest out and keep back straight. Actively squeeze core muscles. Avoid movement of the hip and trunk during movement.,strength:corrective:spine,strength:corrective:spine,ext-load-uni,crawl,core,bodyweight:pull-up-bar,,"gym,pitch,mobile",,,,TRUE
Side Plank ABD to ADD,https://iamaspire.aspire.qa/ExerciseVideo/Side Plank ABD to ADD.mp4,https://iamaspire.aspire.qa/ExerciseVideo/ExerciseThumbNailImage/11-Jun-2024_24a75021-76b5-4eb6-875f-7a11676ef9e8.png,Chest out|| back straight. Actively squeeze core muscles. Move from external to internal edge of your foot. Straight line head to heel.,strength:corrective:spine,strength:corrective:spine,ext-load-uni,crawl,core,bodyweight:pull-up-bar,,"gym,pitch,mobile",,,,TRUE
Side Plank w DB Hold,https://iamaspire.aspire.qa/ExerciseVideo/Side Plank w DB Hold.mp4,https://iamaspire.aspire.qa/ExerciseVideo/ExerciseThumbNailImage/11-Jun-2024_f0252ddb-587f-4cd2-aa16-1a91a2da8660.png,Chest out|| squeeze glutes and core strong. Shoulder and elbow same line. Hip remain high and rotated forward. Keep the weight align with shoulder.,strength:corrective:spine,strength:corrective:spine,ext-load-uni,crawl,core,,,gym,,,,TRUE
Side Plank w Hip ABD - Miniband,https://iamaspire.aspire.qa/ExerciseVideo/Side Plank w Hip ABD - Miniband.mp4,https://iamaspire.aspire.qa/ExerciseVideo/ExerciseThumbNailImage/11-Jun-2024_18d99b44-9389-4f1b-90ad-02b0bdddcc1d.png,Chest out and keep back straight. Actively squeeze core muscles. Avoid movement of the hip and trunk during movement.,strength:corrective:spine,strength:corrective:spine,ext-load-uni,crawl,core,free-weight:resistance-bands,,"pitch,gym,mobile",,,,TRUE
Side Plank w Hip Flexion - Miniband,https://iamaspire.aspire.qa/ExerciseVideo/Side Plank w Hip Flexion - Miniband.mp4,https://iamaspire.aspire.qa/ExerciseVideo/ExerciseThumbNailImage/11-Jun-2024_9dbc3f00-db3c-487b-a1e0-4d2a3f851d82.png,Chest out|| back straight. Actively squeeze core muscles. Toes up|| knee in front of your body during the movement. Straight line head to heel.,strength:corrective:spine,strength:corrective:spine,ext-load-uni,crawl,core,free-weight:resistance-bands,,"gym,pitch",,,,TRUE
Side Plank w Horizontal Row - KS,https://iamaspire.aspire.qa/ExerciseVideo/Side Plank w Horizontal Row - KS.mp4,https://iamaspire.aspire.qa/ExerciseVideo/ExerciseThumbNailImage/11-Jun-2024_817e10da-3974-4200-ad0f-52b7900e4e9f.png,Chest out|| squeeze glutes and core strong. Shoulder and elbow same line. Avoid movement of shoulder and hip while you row. Move slowly.,strength:corrective:spine,strength:corrective:spine,ext-load-uni,crawl,core,functional:keiser,,gym,,,,TRUE
Skater Jumps,https://iamaspire.aspire.qa/ExerciseVideo/Skater Jumps.mp4,https://iamaspire.aspire.qa/ExerciseVideo/ExerciseThumbNailImage/11-Jun-2024_af74969d-2990-4876-a23e-43be50ac58ee.png,Chest out and squeeze the core. Align hip|| knee and ankle. Push violently off the ground laterally. Adjust the jump distance to allow you continuous rebounds from side to side.,strength:power:jumping,strength:corrective:spine,ext-load-uni,squat,lower,,,"gym,pitch,mobile",supplemental,lateral,,FALSE
Skater Jumps [weighted] - MB,https://iamaspire.aspire.qa/ExerciseVideo/Skater Jumps [weighted] - MB.mp4,,"Control the landing. Alignment of hip, knee, ankle. Avoid collapsing at the trunk. Load the hip. Repeat rhythmically from side to side.",strength:power:jumping,strength:corrective:spine,ext-load-bil,jump,lower,,,"pitch,gym,mobile",assistance,,,FALSE
Skull Crasher 1 - DB,https://iamaspire.aspire.qa/ExerciseVideo/Skull Crasher 1 - DB.mp4,https://iamaspire.aspire.qa/ExerciseVideo/ExerciseThumbNailImage/11-Jun-2024_562372a4-fcbd-4dfb-9d99-0ea88b13d6b1.png,"Arms extended over the shoulders. Elbows stay still, forearms move. Controlled movement. Don't let elbows flare out.",strength:corrective:spine,strength:corrective:spine,ext-load-bil,push,upper,strength:barbells:olympic,,"gym,mobile",assistance,,,TRUE
Skull Crasher 2 - DB,https://iamaspire.aspire.qa/ExerciseVideo/Skull Crasher 2 - DB.mp4,https://iamaspire.aspire.qa/ExerciseVideo/ExerciseThumbNailImage/11-Jun-2024_780c430b-497b-4122-8b2e-eda8a5941f61.png,"Arms extended over the shoulders. Elbows stay still, forearms move. Controlled movement. Don't let elbows flare out.",strength:corrective:spine,strength:corrective:spine,ext-load-bil,push,upper,strength:barbells:olympic,,"gym,mobile",assistance,,,TRUE
SL Acceleration Squat - FW[V12],https://iamaspire.aspire.qa/ExerciseVideo/SL Acceleration Squat - FW[V12].mp4,https://iamaspire.aspire.qa/ExerciseVideo/ExerciseThumbNailImage/11-Jun-2024_e619de4e-0c0e-4039-8d9b-0b9ff23b84b6.png,"Hold a box in front of your chest and perform a single-leg squat on the flywheel platform. Drive up explosively to accelerate the wheel, then control the return by resisting the eccentric force. Keep the core tight, knee aligned, and maintain a tall chest throughout.",strength:corrective:spine,strength:corrective:spine,ext-load-uni,squat,lower,bodyweight:pull-up-bar,,"gym,mobile",,,,TRUE
SL Ankle ISO Push [RSIST],https://iamaspire.aspire.qa/ExerciseVideo/,,,strength:corrective:spine,strength:corrective:spine,ext-load-uni,,,,,,,,,TRUE
SL Ankle Jumps,https://iamaspire.aspire.qa/ExerciseVideo/SL Ankle Jumps.mp4,https://iamaspire.aspire.qa/ExerciseVideo/ExerciseThumbNailImage/11-Jun-2024_a01f478c-44c9-4b65-ad2e-786f7a4ddede.png,"Stay tall and bounce repeatedly on one leg using only the ankle joint—minimal knee and hip movement. Focus on quick ground contact, stiffness, and rhythmic, elastic rebounds. Maintain balance and posture throughout the series.",strength:power:jumping,strength:corrective:spine,ext-load-uni,jump,lower,strength:barbells:olympic,,"gym,pitch,mobile",supplemental,linear,,FALSE
SL Bent Over KB Lateral Swings - KB,https://iamaspire.aspire.qa/ExerciseVideo/SL Bent Over KB Lateral Swings - KB.mp4,https://iamaspire.aspire.qa/ExerciseVideo/ExerciseThumbNailImage/11-Jun-2024_0a3a5737-bbff-4c09-9ca6-8f78eb8e5b07.png,"Stand on one leg in a hinged position, holding the kettlebell with both hands. Swing the kettlebell side to side across the body while keeping hips stable and spine neutral. Engage the core to resist rotation and maintain balance throughout the movement.",strength:corrective:spine,strength:corrective:spine,ext-load-uni,,total,functional:partner,,"gym,mobile",assistance,,,TRUE
SL Broad Jump - OJ,https://iamaspire.aspire.qa/ExerciseVideo/SL Broad Jump - OJ.mp4,,"Start on one leg and perform an explosive horizontal jump, focusing on maximal distance. Land softly on the same leg with good knee and hip alignment, then stabilize before resetting. Use Optojump to measure jump distance and assess landing control.",strength:power:jumping,strength:corrective:spine,ext-load-uni,jump,lower,free-weight:medicine-ball,,"gym,pitch,mobile",,linear,,FALSE
SL Calf Raise - BW,https://iamaspire.aspire.qa/ExerciseVideo/SL Calf Raise - BW.mp4,https://iamaspire.aspire.qa/ExerciseVideo/ExerciseThumbNailImage/11-Jun-2024_15561d68-4678-4e09-985d-5b4a7f2998ac.png,Chest out and squeeze the core. Push with the big toe the floor to raise the heel. Keep the ankle-foot in a neutral position.,strength:corrective:spine,strength:corrective:spine,ext-load-uni,push,lower,bodyweight:pull-up-bar,,"pitch,gym,mobile",assistance,,,TRUE
SL Calf Raise - KS,https://iamaspire.aspire.qa/ExerciseVideo/SL Calf Raise - KS.mp4,https://iamaspire.aspire.qa/ExerciseVideo/ExerciseThumbNailImage/11-Jun-2024_bf489e06-4abd-4e71-b2a5-7b8d1b194afa.png,"Stand on one leg with the forefoot on the Keiser platform, heel off the edge. Press through the ball of the foot to lift the heel against resistance, then lower slowly under control. Keep the core engaged and avoid using momentum.",strength:corrective:spine,strength:corrective:spine,ext-load-uni,,,functional:box,,"gym,mobile",assistance,,,TRUE
SL Calf Raise - SM,https://iamaspire.aspire.qa/ExerciseVideo/SL Calf Raise - SM.mp4,,"Stand on one leg with the forefoot on the platform, heel off the edge. Press through the ball of the foot to lift the heel against resistance, then lower slowly under control. Keep the core engaged and avoid using momentum.",strength:corrective:spine,strength:corrective:spine,ext-load-uni,,,,,"gym,mobile",assistance,,,TRUE
SL Calf Raise [KneeExt] - TG,https://iamaspire.aspire.qa/ExerciseVideo/SL Calf Raise [KneeExt] - TG.mp4,,"Position yourself on the calf raise machine with one leg, knee fully extended and forefoot on the platform. Push through the ball of the foot to lift the weight, then control the descent. Keep the core tight and avoid locking the knee or using momentum.",strength:corrective:spine,strength:corrective:spine,ext-load-uni,,,,,"gym,mobile",assistance,,,TRUE
SL CMJ to Box,,,,strength:corrective:spine,strength:corrective:spine,ext-load-uni,jump,lower,bodyweight:pull-up-bar,,gym,supplemental,linear,,TRUE
SL CMJ to Box [HoH],https://iamaspire.aspire.qa/ExerciseVideo/SL CMJ to Box [HoH].mp4,,"Stand on one leg with hands on hips and perform a countermovement jump onto a box. Use a quick dip and drive to explode upward, landing softly and balanced on the same leg. Focus on vertical force production, controlled landing, and posture throughout.",strength:corrective:spine,strength:corrective:spine,ext-load-uni,jump,lower,strength:dumbbells:regular,,"pitch,gym,mobile",supplemental,,,TRUE
SL Crab Hip Thrust - BW,https://iamaspire.aspire.qa/ExerciseVideo/SL Crab Hip Thrust - BW.mp4,https://iamaspire.aspire.qa/ExerciseVideo/ExerciseThumbNailImage/11-Jun-2024_c9d32c6d-4e28-4f06-9228-a945fd0d8e81.png,"Start in a crab position with feet flat and hands behind you, then lift one leg and drive hips upward. Squeeze the glutes at the top while keeping the lifted leg extended and hips level. Control the descent and avoid arching the lower back.",strength:corrective:spine,strength:corrective:spine,ext-load-uni,dl-hinge,lower,functional:box,,"gym,pitch,mobile",assistance,,,TRUE
SL Glute Bridge,https://iamaspire.aspire.qa/ExerciseVideo/SL Glute Bridge.mp4,https://iamaspire.aspire.qa/ExerciseVideo/ExerciseThumbNailImage/11-Jun-2024_7effc804-52e9-471b-830c-cd9265c3b284.png,"Lie on your back with one knee bent and foot flat, the other leg extended. Drive through the heel to lift the hips, keeping them level and squeezing the glutes at the top. Control the movement on the way down—avoid arching the lower back or letting the hips drop",strength:corrective:spine,strength:corrective:spine,ext-load-uni,dl-hinge,lower,bodyweight:pull-up-bar,,"pitch,gym,mobile",assistance,,,TRUE
SL Glute Bridge Switch [fast] - hip ext.,https://iamaspire.aspire.qa/ExerciseVideo/SL Glute Bridge Switch [fast] - hip ext..mp4,,"Lie on your back with one knee bent, foot flat on the ground, and arms at your sides. Lift your hips into a SL glute bridge position so your body forms a straight line from shoulders to knees. Quickly switch legs. Lower the extended leg while lifting the other. Try to keep your hips stable during the transition.",strength:corrective:spine,strength:corrective:spine,ext-load-uni,dl-hinge,lower,strength:dumbbells:regular,,"pitch,gym,mobile",,,,TRUE
SL Glute Bridge Switch [fast] - hip flex.,https://iamaspire.aspire.qa/ExerciseVideo/SL Glute Bridge Switch [fast] - hip flex..mp4,https://iamaspire.aspire.qa/ExerciseVideo/ExerciseThumbNailImage/11-Jun-2024_da6f2ca0-3844-422c-9175-90553d4d548c.png,"Lie on your back with one knee bent, foot flat on the ground, and arms at your sides. Lift your hips into a SL glute bridge position so your body forms a straight line from shoulders to knees. Quickly switch legs. Lower the extended leg while lifting the other. Try to keep your hips stable during the transition.",strength:corrective:spine,strength:corrective:spine,ext-load-uni,dl-hinge,lower,bodyweight:pull-up-bar,,"gym,pitch,mobile",supplemental,,,TRUE
SL Hamstring Bridge Drop-Catch [long lever],https://iamaspire.aspire.qa/ExerciseVideo/SL Hamstring Bridge Drop-Catch [long lever].mp4,https://iamaspire.aspire.qa/ExerciseVideo/ExerciseThumbNailImage/11-Jun-2024_968ce622-bea2-4136-ac9c-8d9e91607b8c.png,"Lie on your back with one knee bent, foot flat on the ground, and arms at your sides. Lift your hips into a SL glute bridge position so your body forms a straight line from shoulders to knees. Quickly drop your hips down and brake it with SL before touchdown.",strength:corrective:spine,strength:corrective:spine,ext-load-uni,dl-hinge,lower,bodyweight:pull-up-bar,,"gym,pitch,mobile",,,,TRUE
SL Hip Extension - TG,https://iamaspire.aspire.qa/ExerciseVideo/SL Hip Extension - TG.mp4,https://iamaspire.aspire.qa/ExerciseVideo/ExerciseThumbNailImage/11-Jun-2024_654bc8fa-273c-4237-98ad-c9054d468734.png,"Adjust the machine so the pad sits just behind your thigh or heel. Press the leg back and up in a controlled arc, fully extending your hip. Focus on squeezing your glute at the top.",strength:corrective:spine,strength:corrective:spine,ext-load-uni,primitive,lower,strength:barbells:olympic,,gym,assistance,,,TRUE
SL Hip Hinge - BW,https://iamaspire.aspire.qa/ExerciseVideo/SL Hip Hinge - BW.mp4,https://iamaspire.aspire.qa/ExerciseVideo/ExerciseThumbNailImage/11-Jun-2024_ca92b23b-c4e1-4a53-92b0-228df4259af5.png,Stand tall with feet hip-width apart. Shift your weight to one leg. keeping a slight bend in the knee. Send your butt back as you lower your torso forward. Keep your back straight!,strength:corrective:spine,strength:corrective:spine,ext-load-uni,dl-hinge,lower,,,"gym,pitch,mobile",assistance,,,TRUE
SL Hip Hinge w Arms Reach,https://iamaspire.aspire.qa/ExerciseVideo/SL Hip Hinge w Arms Reach.mp4,https://iamaspire.aspire.qa/ExerciseVideo/ExerciseThumbNailImage/11-Jun-2024_5c5734fb-88cb-4549-b74a-9655502cbf0f.png,Chest out and squeeze the core. Drive one leg all the way back. Straight line hands to feet. Drive the leg forward by squeezing the glute.,strength:corrective:spine,strength:corrective:spine,ext-load-uni,dl-hinge,lower,bodyweight:pull-up-bar,,"pitch,gym,mobile",,,,TRUE
SL Hip Hinge w Stick,https://iamaspire.aspire.qa/ExerciseVideo/SL Hip Hinge w Stick.mp4,https://iamaspire.aspire.qa/ExerciseVideo/ExerciseThumbNailImage/11-Jun-2024_88989745-4679-433c-bc8d-fcb000e9099f.png,Chest out and squeeze the core. Drive one leg all the way back. Straight line hands to feet. Drive the leg forward by squeezing the glute. Drive your arm forward,strength:corrective:spine,strength:corrective:spine,ext-load-uni,dl-hinge,lower,bodyweight:pull-up-bar,,"pitch,gym,mobile",,,,TRUE
SL Hip ISO Push [RSIST],https://iamaspire.aspire.qa/ExerciseVideo/,,,strength:corrective:spine,strength:corrective:spine,ext-load-uni,run,lower,,monopedal,gym,,,,TRUE
SL Hip Thrust - BB,https://iamaspire.aspire.qa/ExerciseVideo/SL Hip Thrust - BB.mp4,https://iamaspire.aspire.qa/ExerciseVideo/ExerciseThumbNailImage/11-Jun-2024_97a37e19-30e6-45b8-83e7-bd68574c6056.png,"Sit on the ground with your upper back against a bench or box. Drive through the heel of your grounded foot and thrust your hip up. Shift your weight to one leg. Lower under control, keeping the non-working leg extended and core engaged.",strength:corrective:spine,strength:corrective:spine,ext-load-uni,dl-hinge,lower,functional:box,,gym,supplemental,,,TRUE
SL Hip Thrust - BW,https://iamaspire.aspire.qa/ExerciseVideo/SL Hip Thrust - BW.mp4,https://iamaspire.aspire.qa/ExerciseVideo/ExerciseThumbNailImage/11-Jun-2024_59d3290b-16e4-4eea-8e68-928cc6c44057.png,"Sit on the ground with your upper back against a bench or box. Drive through the heel of your grounded foot and thrust your hip up. Shift your weight to one leg. Lower under control, keeping the non-working leg extended and core engaged.",strength:corrective:spine,strength:corrective:spine,ext-load-uni,dl-hinge,lower,functional:box,,gym,assistance,,,TRUE
SL Hip Thrust - DI,https://iamaspire.aspire.qa/ExerciseVideo/SL Hip Thrust - DI.mp4,https://iamaspire.aspire.qa/ExerciseVideo/ExerciseThumbNailImage/11-Jun-2024_1a4b94dc-c7f0-4efb-a8c6-ae83c2d56e0b.png,Place the upper back on bench. Align the knee perpendicular and above the feet. Make sure the glute is used to push the plate. Push with the heel.,strength:corrective:spine,strength:corrective:spine,ext-load-uni,dl-hinge,lower,free-weight:medicine-ball,,gym,supplemental,,,TRUE
SL Hop over Hurdles [stick],https://iamaspire.aspire.qa/ExerciseVideo/SL Hop over Hurdles [stick].mp4,https://iamaspire.aspire.qa/ExerciseVideo/ExerciseThumbNailImage/11-Jun-2024_b3dec9d0-3624-402d-87ca-ff6f7ee889ff.png,Chest out and squeeze the core. Align hip|| knee and feet. Focus to push the ground as powerful as you can. Soft landing and push the knee out.,strength:corrective:spine,strength:corrective:spine,ext-load-uni,squat,lower,functional:box,,"pitch,gym",,,,TRUE
SL Knee ISO Push [RSIST],https://iamaspire.aspire.qa/ExerciseVideo/,,,strength:corrective:spine,strength:corrective:spine,ext-load-uni,,,,,,,,,TRUE
SL Lateral Hop over Hurdles [stick],https://iamaspire.aspire.qa/ExerciseVideo/SL Lateral Hop over Hurdles [stick].mp4,https://iamaspire.aspire.qa/ExerciseVideo/ExerciseThumbNailImage/11-Jun-2024_3ea30a10-c2d6-4c6e-8515-d73f55c1a0fb.png,Chest out and squeeze the core. Align hip|| knee and feet. Focus to push the ground as powerful as you can. Soft landing and push the knee out.,strength:corrective:spine,strength:corrective:spine,ext-load-uni,jump,lower,functional:box,,"pitch,gym",,,,TRUE
SL Lateral-Medial Hops,https://iamaspire.aspire.qa/ExerciseVideo/SL Lateral-Medial Hops.mp4,https://iamaspire.aspire.qa/ExerciseVideo/ExerciseThumbNailImage/11-Jun-2024_548c2441-2255-42e5-9bc8-0451358bfd1a.png,Single leg stance|| hop continuously left to right keeping a good posture|| core tight. Focus on the in line foot placement and slight knee bend,strength:corrective:spine,strength:corrective:spine,rsi-drills-uni,jump,lower,bodyweight:pull-up-bar,,"pitch,gym,mobile",,,,TRUE
SL Leg Curl - TG,https://iamaspire.aspire.qa/ExerciseVideo/SL Leg Curl - TG.mp4,,Adjust the seat so your knees align with the machine's pivot point. Position one leg in front of the pad. Curl your leg by contracting the hamstring. Control de,strength:corrective:spine,strength:corrective:spine,ext-load-uni,primitive,lower,bodyweight:pull-up-bar,,gym,assistance,,,TRUE
SL Leg Extension - TG,https://iamaspire.aspire.qa/ExerciseVideo/SL Leg Extension - TG.mp4,,Adjust the seat so your knees align with the machine's pivot point. Position one leg behind the pad. Extend your leg by contracting the quadriceps. Control the descent back to the start position.,strength:corrective:spine,strength:corrective:spine,ext-load-uni,squat,lower,free-weight:weightlifting-belt,,gym,assistance,,,TRUE
SL Leg Press - TG,https://iamaspire.aspire.qa/ExerciseVideo/SL Leg Press - TG.mp4,https://iamaspire.aspire.qa/ExerciseVideo/ExerciseThumbNailImage/11-Jun-2024_2cfcfac6-7d53-4056-bb93-eb63ca96d5d1.png,Chest out and squeeze the core. Align hip|| knee|| foot before push. Go down controlled.,strength:corrective:spine,strength:corrective:spine,ext-load-uni,primitive,lower,,,gym,,,,TRUE
SL Pistol Squat - BW,https://iamaspire.aspire.qa/ExerciseVideo/SL Pistol Squat - BW.mp4,,Stand tall on one leg. Lower yourself into a squat position. Keep the non-working leg extended and off the floor.,strength:corrective:spine,strength:corrective:spine,ext-load-uni,squat,lower,bodyweight:pull-up-bar,,"pitch,gym,mobile",,,,TRUE
SL RDL - BB,https://iamaspire.aspire.qa/ExerciseVideo/SL RDL - BB.mp4,https://iamaspire.aspire.qa/ExerciseVideo/ExerciseThumbNailImage/11-Jun-2024_32f8056d-2aa9-46e5-bca8-caa52bacc2b5.png,Chest out and squeeze the core. Drive one leg all the way back. Drive the leg forward by squeezing the glute. Keep a straight line from head to heel.,strength:corrective:spine,strength:corrective:spine,ext-load-uni,dl-hinge,lower,strength:barbells:olympic,,"pitch,gym",,,,TRUE
SL RDL - DB,https://iamaspire.aspire.qa/ExerciseVideo/SL RDL - DB.mp4,https://iamaspire.aspire.qa/ExerciseVideo/ExerciseThumbNailImage/11-Jun-2024_4cd1369f-2d20-44a4-913b-c42b0f1867ee.png,Chest out and squeeze the core. Drive one leg all the way back. Drive the leg forward by squeezing the glute. Keep a straight line from head to heel.,strength:corrective:spine,strength:corrective:spine,ext-load-uni,dl-hinge,lower,strength:barbells:olympic,,"pitch,gym",assistance,,,TRUE
SL RDL - Landmine,https://iamaspire.aspire.qa/ExerciseVideo/SL RDL - Landmine.mp4,,"Stand on one leg with a soft bend in the knee. Keep your chest up, shoulders back, and core braced. Hinge at the hip by extending one leg straight behind you for balance",strength:corrective:spine,strength:corrective:spine,ext-load-uni,dl-hinge,lower,strength:barbells:olympic,,gym,supplemental,,,TRUE
SL RDL - Partner,https://iamaspire.aspire.qa/ExerciseVideo/SL RDL - Partner.mp4,,Partner in a front plank position with arms extended. Standing at the partners back grab both ankles in front of your body. Unilaterally hinge your hip slowly,strength:corrective:spine,strength:corrective:spine,ext-load-uni,dl-hinge,lower,functional:box,,"gym,pitch",assistance,,,TRUE
SL RDL Clean to Box - BB,https://iamaspire.aspire.qa/ExerciseVideo/SL RDL Clean to Box - BB.mp4,https://iamaspire.aspire.qa/ExerciseVideo/ExerciseThumbNailImage/11-Jun-2024_fe646338-de48-44e3-9319-bae39fff4311.png,Single leg deadlift. Finishes with a hang clean and high knee drive to the box,strength:corrective:spine,strength:corrective:spine,ext-load-uni,dl-hinge,total,bodyweight:pull-up-bar,,"pitch,gym",,,,TRUE
SL RDL to Hop [continuous],https://iamaspire.aspire.qa/ExerciseVideo/SL RDL to Hop [continuous].mp4,https://iamaspire.aspire.qa/ExerciseVideo/ExerciseThumbNailImage/11-Jun-2024_03748c90-2348-4dc4-91da-e52913e40fad.png,Begin standing on 1 leg with the knee bended. Forward in your hips while the other leg starts to extend straight behind you. Lift your extended leg until your body forms a �T� shape. Hop fast in a vertical direction and land soft,strength:corrective:spine,strength:corrective:spine,ext-load-uni,dl-hinge,lower,bodyweight:pull-up-bar,,,,,,TRUE
SL RDL to Hop [stick],https://iamaspire.aspire.qa/ExerciseVideo/SL RDL to Hop [stick].mp4,,Begin standing on 1 leg with the knee bended. Forward in your hips while the other leg starts to extend straight behind you. Lift your extended leg until your body forms a �T� shape. Hop fast in a vertical direction and land soft.,strength:corrective:spine,strength:corrective:spine,ext-load-uni,dl-hinge,lower,,,"pitch,gym",,,,TRUE
SL Seated Calf Raise - DB,https://iamaspire.aspire.qa/ExerciseVideo/SL Seated Calf Raise - DB.mp4,,,strength:corrective:spine,strength:corrective:spine,ext-load-uni,,lower,,,,,,,TRUE
SL Seated Calf Raise - SM,https://iamaspire.aspire.qa/ExerciseVideo/SL Seated Calf Raise - SM.mp4,,Adjust the seat height so that your knees are at a 90-degree angle when your feet are on the platform. Place the balls of your feet on the platform and your thighs under the padded lever. Slowly raise your heels as high as possible while keeping your knees stationary.,strength:corrective:spine,strength:corrective:spine,ext-load-uni,press,lower,,,gym,,,,TRUE
SL Side Decel to Accel - Partner Push,https://iamaspire.aspire.qa/ExerciseVideo/SL Side Decel to Accel - Partner Push.mp4,,Partner side pushing from the shoulders. while the other is trying to resist braking with contralateral leg followed by an acceleration speed in the intend direction.,strength:corrective:spine,strength:corrective:spine,ext-load-uni,run,total,,,"pitch,gym",,,,TRUE
SL Skater Squat - BW,https://iamaspire.aspire.qa/ExerciseVideo/SL Skater Squat - BW.mp4,https://iamaspire.aspire.qa/ExerciseVideo/ExerciseThumbNailImage/11-Jun-2024_adf6cb47-de30-4d43-a7ec-aa2a7441b30e.png,Chest out and squeeze the core. Drive the hip back and then knee forward. Touch the floor with the rear knee. Rear foot does not push the floor.,strength:corrective:spine,strength:corrective:spine,ext-load-uni,squat,lower,bodyweight:pull-up-bar,,"gym,pitch,mobile",assistance,,,TRUE
SL Skater Squat - SM,https://iamaspire.aspire.qa/ExerciseVideo/SL Skater Squat - SM.mp4,,Chest out and squeeze the core. Drive the hip back and then knee forward. Touch the floor with the rear knee. Rear foot does not push the floor.,strength:corrective:spine,strength:corrective:spine,ext-load-uni,squat,lower,,,gym,,,,TRUE
SL Skater Squat [assisted] - BW,https://iamaspire.aspire.qa/ExerciseVideo/SL Skater Squat [assisted] - BW.mp4,,Chest out and squeeze the core. Drive the hip back and then knee forward. Touch the floor with the rear knee. Rear foot does not push the floor.,strength:corrective:spine,strength:corrective:spine,ext-load-uni,squat,lower,,,"pitch,gym,mobile",,,,TRUE
SL Squat - KS,https://iamaspire.aspire.qa/ExerciseVideo/SL Squat - KS.mp4,https://iamaspire.aspire.qa/ExerciseVideo/ExerciseThumbNailImage/11-Jun-2024_218cf423-66c8-4469-bd0b-e32e1e16ed66.png,Chest out and squeeze the core. Drive the hip back and then knee forward. Touch the floor with the rear knee. Rear foot does not push the floor.,strength:corrective:spine,strength:corrective:spine,ext-load-uni,squat,lower,functional:partner,,gym,supplemental,,,TRUE
SL Squat to Box - BW,https://iamaspire.aspire.qa/ExerciseVideo/SL Squat to Box - BW.mp4,https://iamaspire.aspire.qa/ExerciseVideo/ExerciseThumbNailImage/11-Jun-2024_efdab5c3-3d40-498a-96b6-c36324e019bc.png,Chest out and squeeze the core. Drive the hip back. Drive the knee forward. Touch the box but do not sit down. Keep one leg on the air.,strength:corrective:spine,strength:corrective:spine,ext-load-uni,squat,lower,functional:plyo-box,,"gym,mobile",assistance,,,TRUE
SL Squat to Box w Plate Reach - DI,https://iamaspire.aspire.qa/ExerciseVideo/SL Squat to Box w Plate Reach - DI.mp4,https://iamaspire.aspire.qa/ExerciseVideo/ExerciseThumbNailImage/11-Jun-2024_bc86bfe5-5be7-4909-b0d7-2e4a98bed6ed.png,Chest out and squeeze the core. Drive the hip back. Drive the knee forward. Push the weight out when you go down.,strength:corrective:spine,strength:corrective:spine,ext-load-uni,squat,lower,,,gym,assistance,,,TRUE
SL Stance Balance,https://iamaspire.aspire.qa/ExerciseVideo/SL Stance Balance.mp4,https://iamaspire.aspire.qa/ExerciseVideo/ExerciseThumbNailImage/11-Jun-2024_d046256e-b7a2-4333-976e-e70a5262270b.png,Create foot arch and activate foot muscle. Avoid ankle movement. Big toe press the floor. Squeeze glute and core strong.,strength:corrective:spine,strength:corrective:spine,ext-load-uni,,total,,,"pitch,gym",,,,TRUE
SL Zercher Squat - Landmine,https://iamaspire.aspire.qa/ExerciseVideo/SL Zercher Squat - Landmine.mp4,https://iamaspire.aspire.qa/ExerciseVideo/ExerciseThumbNailImage/11-Jun-2024_72bc96ab-4d4d-45b3-a808-f8cfa832cb3a.png,Set the bar in the landmine rack at about stomach height. Now hook your arms underneath it so that the bar rests in the bend of your elbows. Squat unilaterally. Drive the hip back and then knee forward. Touch the floor with the rear knee. Rear foot does not push the floor.,strength:corrective:spine,strength:corrective:spine,ext-load-uni,squat,lower,strength:barbells:olympic,,gym,assistance,,,TRUE
Sled Accel to COD 180 Accel,https://iamaspire.aspire.qa/ExerciseVideo/Sled Accel to COD 180 Accel.mp4,,Keep neutral spine and arms extended while pushing the sled. Focus on knee drive. Perform 180 degrees change of direction sprint,strength:corrective:spine,strength:corrective:spine,ext-load-bil,push,total,,,gym,,,,TRUE
Sled Acceleration,https://iamaspire.aspire.qa/ExerciseVideo/Sled Acceleration.mp4,https://iamaspire.aspire.qa/ExerciseVideo/ExerciseThumbNailImage/11-Jun-2024_099e8ced-177c-423f-92bd-7c5f492cfaa1.png,Keep neutral spine and arms extended while pushing the sled. Focus on knee drive,strength:corrective:spine,strength:corrective:spine,ext-load-bil,push,total,strength:kettlebells,,gym,,,,TRUE
Sled Back to Forward Accel,https://iamaspire.aspire.qa/ExerciseVideo/Sled Back to Forward Accel.mp4,https://iamaspire.aspire.qa/ExerciseVideo/ExerciseThumbNailImage/11-Jun-2024_e32b5c60-e6dd-4b3c-b94f-47502054c5f8.png,Keep neutral spine and arms extended while pushing the sled. Focus on knee drive. Push the sled forward then backwards,strength:corrective:spine,strength:corrective:spine,ext-load-bil,push,total,free-weight:weightlifting-belt,,gym,,,,TRUE
Sled Carioca Run,https://iamaspire.aspire.qa/ExerciseVideo/Sled Carioca Run.mp4,https://iamaspire.aspire.qa/ExerciseVideo/ExerciseThumbNailImage/11-Jun-2024_c856ea55-b32c-461a-a4ec-40cbcd7a668e.png,Stand sideways to the direction of travel. Pull the sled crossing your right foot over your left.,strength:corrective:spine,strength:corrective:spine,ext-load-bil,pull,total,free-weight:medicine-ball,,gym,,,,TRUE
Sled Crawl Forward,https://iamaspire.aspire.qa/ExerciseVideo/Sled Crawl Forward.mp4,https://iamaspire.aspire.qa/ExerciseVideo/ExerciseThumbNailImage/11-Jun-2024_90d024d0-c653-44c0-a38b-b21e3b56eb1e.png,Quadruped position. Pull the sled walking forward alternating your arms and legs.,strength:corrective:spine,strength:corrective:spine,ext-load-bil,pull,total,strength:barbells:olympic,,gym,,,,TRUE
Sled Crossover Lateral Run,https://iamaspire.aspire.qa/ExerciseVideo/Sled Crossover Lateral Run.mp4,https://iamaspire.aspire.qa/ExerciseVideo/ExerciseThumbNailImage/11-Jun-2024_84a0c4dc-61c9-4cf8-b6a2-754add9f80cf.png,Keep neutral spine and arms extended while pulling the sled laterally moving your leading leg over the other leg.,strength:corrective:spine,strength:corrective:spine,ext-load-bil,pull,total,free-weight:sandbags,,gym,,,,TRUE
Sled Lateral Pull Alternating - T,https://iamaspire.aspire.qa/ExerciseVideo/Sled Lateral Pull Alternating - T.mp4,https://iamaspire.aspire.qa/ExerciseVideo/ExerciseThumbNailImage/11-Jun-2024_7679b43c-7544-45eb-8d44-7eedfea791c2.png,Keep neutral spine and arms extended while pulling the sled side to side,strength:corrective:spine,strength:corrective:spine,ext-load-bil,pull,total,free-weight:external-load,,gym,,,,TRUE
Sled March,https://iamaspire.aspire.qa/ExerciseVideo/Sled March.mp4,https://iamaspire.aspire.qa/ExerciseVideo/ExerciseThumbNailImage/11-Jun-2024_567524f0-e30b-4ac2-a966-82482a013399.png,Keep neutral spine and arms extended while pushing the sled forward driving the knees up (walking),strength:corrective:spine,strength:corrective:spine,ext-load-bil,push,total,strength:barbells:olympic,,gym,,,,TRUE
Sled Push Crossover Accel,https://iamaspire.aspire.qa/ExerciseVideo/Sled Push Crossover Accel.mp4,https://iamaspire.aspire.qa/ExerciseVideo/ExerciseThumbNailImage/11-Jun-2024_0047dc9e-37c2-46b2-be66-c62e4c4bdd34.png,Keep neutral spine and arms extended while pushing the sled fast forward crossing your legs one over the other.,strength:corrective:spine,strength:corrective:spine,ext-load-bil,push,total,functional:keiser,,gym,,,,TRUE
Snatch - SA DB,https://iamaspire.aspire.qa/ExerciseVideo/Snatch - SA DB.mp4,https://iamaspire.aspire.qa/ExerciseVideo/ExerciseThumbNailImage/11-Jun-2024_f2a76bff-395c-4304-b596-d1effdcfb405.png,"Overhand grip, grab a dumbbell in one hand and stand with the feet slightly wider than shoulder-width apart. Descend your hips to the floor until your knees are bent at 90-degrees and the dumbbell is resting on the floor.Quickly pull the dumbbell toward the ceiling while simultaneously extending your knees and hips and raising your body on the balls of your feet",strength:corrective:spine,strength:corrective:spine,ext-load-uni,squat,total,free-weight:medicine-ball,,"pitch,gym",,,,TRUE
SP Leg Out,https://iamaspire.aspire.qa/ExerciseVideo/,,,strength:corrective:spine,strength:corrective:spine,ext-load-bil,,total,,,,,,,TRUE
SP Leg Through,https://iamaspire.aspire.qa/ExerciseVideo/,,,strength:corrective:spine,strength:corrective:spine,ext-load-bil,,total,,,,,,,TRUE
Spanish Squat - Belt,https://iamaspire.aspire.qa/ExerciseVideo/Spanish Squat - Belt.mp4,https://iamaspire.aspire.qa/ExerciseVideo/ExerciseThumbNailImage/11-Jun-2024_7435c06c-bfdc-45ea-97bd-aa479d3861bf.png,Place the belt at knee height.Stand upright with the knees slight bendet. Sit back into a 90 degrees squat position. Stand-up to the initial position,strength:corrective:spine,strength:corrective:spine,ext-load-bil,squat,lower,bodyweight:pull-up-bar,,"pitch,gym",supplemental,,,TRUE
Spiderman Push Up,https://iamaspire.aspire.qa/ExerciseVideo/Spiderman Push Up.mp4,https://iamaspire.aspire.qa/ExerciseVideo/ExerciseThumbNailImage/11-Jun-2024_ca50278e-2b05-4595-8305-8a0d44a073bd.png,Chest out and core strong. Squeeze glutes to avoid arching the lower back. Try to keep an imagination line from head to feet.,strength:corrective:spine,strength:corrective:spine,ext-load-bil,push,total,bodyweight:pull-up-bar,,"pitch,gym,mobile",,,,TRUE
Split Jerk - BB,https://iamaspire.aspire.qa/ExerciseVideo/Split Jerk - BB.mp4,https://iamaspire.aspire.qa/ExerciseVideo/ExerciseThumbNailImage/11-Jun-2024_d114dbc1-d2ab-48c9-ae06-7fe7f21dd8f4.png,Stance feet at a hip-width distance. Perform the dip bending only at your knees|| keeping your trunk vertical. After the dip drive forcefully with your legs while accelerating the barbell upward. Once legs extended|| move to stable split position.,strength:corrective:spine,strength:corrective:spine,ext-load-uni,press,total,,,"pitch,gym",,,,TRUE
Split Jerk - WB,https://iamaspire.aspire.qa/ExerciseVideo/Split Jerk - WB.mp4,,Stance feet at a hip-width distance. Perform the dip bending only at your knees keeping your trunk vertical. After the dip drive forcefully with your legs while accelerating the waterbag upward. Once legs extended|| move to stable split position.,strength:corrective:spine,strength:corrective:spine,ext-load-uni,press,total,bodyweight:pull-up-bar,,"pitch,gym",,,,TRUE
Split Squat - BB,https://iamaspire.aspire.qa/ExerciseVideo/Split Squat - BB.mp4,https://iamaspire.aspire.qa/ExerciseVideo/ExerciseThumbNailImage/11-Jun-2024_5ea8e553-d3be-4050-961e-fa3f3e3300b6.png,"Stand with a barbell resting on your shoulders and select a leg to be your front leg. Step backward with your non-selected leg and lower your body until your knee nearly touches the ground. Keep your front foot flat on the floor and rise back to the start position, driving through your heel",strength:corrective:spine,strength:corrective:spine,ext-load-uni,squat,lower,functional:box,,gym,,,,TRUE
Split Squat - DB,https://iamaspire.aspire.qa/ExerciseVideo/Split Squat - DB.mp4,https://iamaspire.aspire.qa/ExerciseVideo/ExerciseThumbNailImage/11-Jun-2024_cb74c3b1-a8a3-467b-bc55-21d9307c1633.png,"Start with 1 knee on the floor, with front knee over ankle. Chest out and squeeze core. Stand up. On decent, back knee comes close to the floor.",strength:corrective:spine,strength:corrective:spine,ext-load-uni,squat,lower,strength:dumbbells:regular,,"pitch,gym",assistance,,,TRUE
Split Squat - FW[D11],,,"Start side on to the machine, chest out and squeeze core. Start to generate momentum. On decent back knee comes close to the floor. Power out the bottom.",strength:corrective:spine,strength:corrective:spine,ext-load-uni,squat,lower,bodyweight:pull-up-bar,,gym,assistance,,,TRUE
Split Squat Jumps,https://iamaspire.aspire.qa/ExerciseVideo/Split Squat Jumps.mp4,https://iamaspire.aspire.qa/ExerciseVideo/ExerciseThumbNailImage/11-Jun-2024_15c097f2-4307-4747-8591-be48491fba24.png,"Start at bottom of split squat. Explosively propel yourself skywards, using arms and legs. Land and brake quickly in same split squat position. Rebound back into the air.",strength:power:jumping,strength:corrective:spine,ext-load-uni,squat,lower,bodyweight:pull-up-bar,,"gym,pitch,mobile",,linear,,FALSE
Split Squat Jumps [alternating],https://iamaspire.aspire.qa/ExerciseVideo/Split Squat Jumps [alternating].mp4,https://iamaspire.aspire.qa/ExerciseVideo/ExerciseThumbNailImage/11-Jun-2024_1c25ce2b-4619-41ed-b5c0-c31591f28931.png,"Start at bottom of split squat. Explosively propel yourself skywards, using arms and legs, switching legs in mid air. Land and brake quickly in same split squat position with opposite leg forward. Rebound back into the air, again switching legs.",strength:power:jumping,strength:corrective:spine,ext-load-uni,squat,lower,,,"gym,pitch,mobile",,linear,,FALSE
Split Squat Knee Ext Reach,https://iamaspire.aspire.qa/ExerciseVideo/Split Squat Knee Ext Reach.mp4,https://iamaspire.aspire.qa/ExerciseVideo/ExerciseThumbNailImage/11-Jun-2024_47c1b84d-cc29-4411-9eb2-4499c45f494a.png,"Start at bottom of split squat, with back knee off the floor. In braced and ready position, aggressively extend front leg to catch the floor with a long leg. Push of front leg, returning to start position.",strength:corrective:spine,strength:corrective:spine,ext-load-uni,squat,lower,bodyweight:pull-up-bar,,"gym,pitch,mobile",assistance,,,
Split Squat Knee Ext Taps,https://iamaspire.aspire.qa/ExerciseVideo/Split Squat Knee Ext Taps.mp4,https://iamaspire.aspire.qa/ExerciseVideo/ExerciseThumbNailImage/11-Jun-2024_6cb9fb48-475c-4922-9148-c8aa02319ac0.png,"Start at bottom of split squat, with back knee off the floor. In braced and ready position, aggressively step front foot forward and punch back at speed for desired reps/ time.",strength:corrective:spine,strength:corrective:spine,ext-load-uni,squat,lower,bodyweight:pull-up-bar,,"gym,pitch,mobile",assistance,,,TRUE
Split Squat Knee Ext Taps to Drop Step Accel,https://iamaspire.aspire.qa/ExerciseVideo/Split Squat Knee Ext Taps to Drop Step Accel.mp4,https://iamaspire.aspire.qa/ExerciseVideo/ExerciseThumbNailImage/11-Jun-2024_07e1a24f-c55c-4fc9-be59-4e84edffcdf1.png,"In braced and ready position, aggressively step front foot forward and punch back at speed. On final step forward open hip and shoulders to push off in opposite direction.",strength:corrective:spine,strength:corrective:spine,ext-load-uni,squat,lower,functional:partner,,"gym,pitch,mobile",assistance,,,TRUE
Split Squat Knee Ext Taps to Side Step Accel,https://iamaspire.aspire.qa/ExerciseVideo/Split Squat Knee Ext Taps to Side Step Accel.mp4,https://iamaspire.aspire.qa/ExerciseVideo/ExerciseThumbNailImage/11-Jun-2024_cf31bd0c-5c57-484d-8308-973aa61a8980.png,"In braced and ready position, aggressively step front foot forward and punch back at speed. Take final step out to the side, punching the floor away as you accelerate out on the angle.",strength:corrective:spine,strength:corrective:spine,ext-load-uni,squat,lower,free-weight:sandbags,,"gym,pitch,mobile",assistance,,,TRUE
Split Stance Side Bend - KS,https://iamaspire.aspire.qa/ExerciseVideo/,,,strength:corrective:spine,strength:corrective:spine,ext-load-uni,,,,,,,,,TRUE
Split Stance Switch Press - Landmine,https://iamaspire.aspire.qa/ExerciseVideo/Split Stance Switch Press - Landmine.mp4,,"Start with BB in 1 hand near shoulder. One leg forward in split stance, sitting hips slightly. Aggressively drive hips and switch legs, punching BB to full arm extension before returning to set position. Can start with same or opposite leg forward to BB arm.",strength:corrective:spine,strength:corrective:spine,ext-load-uni,push,total,,,gym,,,,TRUE
Spooky Squat - BW,https://iamaspire.aspire.qa/ExerciseVideo/Spooky Squat - BW.mp4,https://iamaspire.aspire.qa/ExerciseVideo/ExerciseThumbNailImage/11-Jun-2024_e64f5410-d9d2-402a-94f3-3ecf9cff5239.png,"Stand on the balls of the feet. Flex at the knees. Lean upper body backward with arms extended in front, keeping balance. Return to standing, staying on balls of feet.",strength:corrective:spine,strength:corrective:spine,ext-load-bil,primitive,lower,strength:barbells:trapbar,,"gym,pitch,mobile",assistance,,,TRUE
Spooky Squat - DI,https://iamaspire.aspire.qa/ExerciseVideo/Spooky Squat - DI.mp4,https://iamaspire.aspire.qa/ExerciseVideo/ExerciseThumbNailImage/11-Jun-2024_e24533f8-5da2-41d5-9768-a103d590ca06.png,"Stand on the balls of the feet holding disc out in front of your chest. Flex at the knees. Lean upper body backward by bending at the knees. Return to standing, staying on balls of feet.",strength:corrective:spine,strength:corrective:spine,ext-load-bil,primitive,lower,functional:box,,gym,supplemental,,,TRUE
Spooky Squat on Incline Board,https://iamaspire.aspire.qa/ExerciseVideo/Spooky Squat on Incline Board.mp4,https://iamaspire.aspire.qa/ExerciseVideo/ExerciseThumbNailImage/11-Jun-2024_4b22a133-65b7-4e2c-bef2-515e671ac008.png,"Stand on incline board on the balls of the feet. Flex at the knees. Lean upper body backward with arms extended in front, keeping balance. Return to standing, staying on balls of feet.",strength:corrective:spine,strength:corrective:spine,ext-load-bil,primitive,lower,bodyweight:pull-up-bar,,gym,assistance,,,TRUE
Spooky Walk - BW,https://iamaspire.aspire.qa/ExerciseVideo/Spooky Walk - BW.mp4,https://iamaspire.aspire.qa/ExerciseVideo/ExerciseThumbNailImage/11-Jun-2024_f7276568-d069-40d6-a292-bff85836394c.png,Walk on the balls of the feet. Flex at the knees. Lean upper body backward with arms extended in front.,strength:corrective:spine,strength:corrective:spine,ext-load-uni,primitive,lower,functional:box,,"gym,pitch,mobile",supplemental,,,TRUE
Spooky Walk - DI,https://iamaspire.aspire.qa/ExerciseVideo/Spooky Walk - DI.mp4,https://iamaspire.aspire.qa/ExerciseVideo/ExerciseThumbNailImage/11-Jun-2024_5a2b4af0-d59a-44d8-81f4-642dd246a46d.png,"Walk on the balls of the feet holding disc out in front of your chest. Flex at the knees. Lean upper body backward, maintaining balance.",strength:corrective:spine,strength:corrective:spine,ext-load-uni,primitive,lower,bodyweight:pull-up-bar,,gym,,,,TRUE
Sprinter Lunge Jump,https://iamaspire.aspire.qa/ExerciseVideo/Sprinter Lunge Jump.mp4,,"Start at bottom of split squat position. Explosively propel yourself skywards, using arms and legs. Punching back knee forward, switching and returning legs in mid air. Land and brake quickly in same split squat position.",strength:power:jumping,strength:corrective:spine,ext-load-uni,squat,lower,free-weight:medicine-ball,,"gym,pitch,mobile",supplemental,linear,,FALSE
Sprinter Plank - IB,https://iamaspire.aspire.qa/ExerciseVideo/Sprinter Plank - IB.mp4,https://iamaspire.aspire.qa/ExerciseVideo/ExerciseThumbNailImage/11-Jun-2024_0529110f-c967-458b-9b9f-9170ec031017.png,"With band around waist and feet shoulder width apart. Stay on toes, leaning forward to 45 degrees, keeping arms overhead. Keep tension through the body and maintain balanced position.",strength:corrective:spine,strength:corrective:spine,ext-load-bil,,core,functional:partner,,"gym,pitch",,,,TRUE
Sprinter Plank - Wall,https://iamaspire.aspire.qa/ExerciseVideo/Sprinter Plank - Wall.mp4,https://iamaspire.aspire.qa/ExerciseVideo/ExerciseThumbNailImage/11-Jun-2024_fcb30d86-a9fe-493a-b70b-3f5f5228f791.png,Start standing away from the wall. Fall forward to block the wall at 45 degrees with a braced core and arms overhead. Push the wall away to return to standing.,strength:corrective:spine,strength:corrective:spine,ext-load-bil,,core,strength:barbells:olympic,,"gym,pitch,mobile",,,,TRUE
Squat - TB,https://iamaspire.aspire.qa/ExerciseVideo/Squat - TB.mp4,https://iamaspire.aspire.qa/ExerciseVideo/ExerciseThumbNailImage/11-Jun-2024_922bdf1f-3e1d-4bea-a4c6-932b7b5ca2a6.png,"Big chest and brace core. Take slack from the bar, making body tight. Focus on pressing the floor away as you stand. Sit hips back as bar returns to the floor under control.",strength:corrective:spine,strength:corrective:spine,ext-load-bil,squat,lower,strength:barbells:trapbar,,gym,,,,TRUE
Squat Jump - BB,https://iamaspire.aspire.qa/ExerciseVideo/Squat Jump - BB.mp4,,"With bar on the back, big chest and brace core. Descend into squat position, set and then power out the bottom, jumping for height. Pull bar onto back and land softly.",strength:power:fast-general,strength:corrective:spine,ext-load-bil,squat,lower,bodyweight:pull-up-bar,,gym,,linear,,FALSE
Squat Jump - DB SA,https://iamaspire.aspire.qa/ExerciseVideo/Squat Jump - DB SA.mp4,https://iamaspire.aspire.qa/ExerciseVideo/ExerciseThumbNailImage/11-Jun-2024_a2d647aa-94e1-4220-be2a-c971524496e6.png,"Holding dumbbell in 1 hand, big chest and brace core. Descend into squat position, set and then power out the bottom, jumping for height. Land softly, returning to set position.",strength:power:fast-general,strength:corrective:spine,ext-load-bil,squat,lower,strength:bench:flat,,gym,assistance,linear,,FALSE
Squat Jump [ArmsFree],https://iamaspire.aspire.qa/ExerciseVideo/Squat Jump [ArmsFree].mp4,,"Descend into squat position. Set and then power out the bottom, using arm and jumping for height. Land softly, returning to set position.",strength:power:fast-general,strength:corrective:spine,ext-load-bil,jump,lower,strength:smith,,"pitch,gym,mobile",,,,FALSE
Squat Jump [HoH],https://iamaspire.aspire.qa/ExerciseVideo/Squat Jump [HoH].mp4,,"With hands on hips, descend into squat position. Set and then power out the bottom, keeping hands on hips and jumping for height. Land softly, returning to set position.",strength:power:fast-general,strength:corrective:spine,ext-load-bil,jump,lower,strength:smith,,"pitch,gym,mobile",,,,FALSE
Squat Jump to Box,https://iamaspire.aspire.qa/ExerciseVideo/Squat Jump to Box.mp4,,"Standing in front of the box, descend into squat position. Set and then power out the bottom, using arm and jumping for height. Land softly on top of the box.",strength:power:fast-general,strength:corrective:spine,ext-load-bil,jump,lower,strength:barbells:olympic,,"pitch,gym",,,,FALSE
Squat to OHP - DI,https://iamaspire.aspire.qa/ExerciseVideo/Squat to OHP - DI.mp4,,"Hold disc in 2 hands level with your chest. Descend into squat position, as you ascend to standing press the disc overhead. Return disc to chest level and repeat.",strength:corrective:spine,strength:corrective:spine,ext-load-bil,squat,total,,,"pitch,gym",,,,TRUE
Squat Vertical Throw - MB,https://iamaspire.aspire.qa/ExerciseVideo/Squat Vertical Throw - MB.mp4,,"Hold medicine ball in 2 hands level with your shoulders. Dip and drive out of the squat, propelling the medicine ball overhead, as high as possible.",strength:corrective:spine,strength:corrective:spine,ext-load-bil,push,total,free-weight:medicine-ball,,"pitch,gym",,,,TRUE
Squat w High Pull - FW[V12],https://iamaspire.aspire.qa/ExerciseVideo/Squat w High Pull - FW[V12].mp4,https://iamaspire.aspire.qa/ExerciseVideo/ExerciseThumbNailImage/11-Jun-2024_c1aed832-fb30-4d0b-9b95-04a8ecf59a14.png,"Hold handle in 2 hands, pulling cable to start flywheel. Violently drive out of the squat, pulling handle towards chest. Return to bottom of squat with arms long in timing with the flywheel and repeat at speed.",strength:corrective:spine,strength:corrective:spine,ext-load-bil,squat,total,free-weight:medicine-ball,,gym,assistance,,,TRUE
"Squat, collapse, Step",https://iamaspire.aspire.qa/ExerciseVideo/,,,strength:corrective:spine,strength:corrective:spine,ext-load-bil,,lower,,,,,,,TRUE
Staggered Quarter Squat - FW[D11],https://iamaspire.aspire.qa/ExerciseVideo/Staggered Quarter Squat - FW[D11].mp4,https://iamaspire.aspire.qa/ExerciseVideo/ExerciseThumbNailImage/11-Jun-2024_12ad806e-0e24-4407-ba21-cec011be3497.png,"With harness on, keep chest big and core strong. Begin to start the flywheel. Descend into squat, with weight over 1 leg. Drive through the floor, powering out of the bottom. Shift weight over to other leg as flywheel begins to pull you downwards.",strength:corrective:spine,strength:corrective:spine,ext-load-uni,squat,lower,bodyweight:pull-up-bar,,gym,,,,TRUE
Staggered Squat - Landmine,https://iamaspire.aspire.qa/ExerciseVideo/Staggered Squat - Landmine.mp4,https://iamaspire.aspire.qa/ExerciseVideo/ExerciseThumbNailImage/11-Jun-2024_dc66ef81-3475-4f19-be24-4d356f9fd0c0.png,"Leaning forward at a 45 degree angle, hold end of the barbell in 2 hands close to your upper chest. Beginning in a staggered stance, descend into squat position. Explode out of the bottom, driving through the hips, keeping bar close to chest.",strength:corrective:spine,strength:corrective:spine,ext-load-uni,squat,lower,bodyweight:pull-up-bar,,gym,assistance,,,TRUE
Staggered Squat & Press - Landmine,https://iamaspire.aspire.qa/ExerciseVideo/Staggered Squat & Press - Landmine.mp4,https://iamaspire.aspire.qa/ExerciseVideo/ExerciseThumbNailImage/11-Jun-2024_b0adbb90-504b-4be0-bb6b-72e661f07214.png,"Leaning forward at a 45 degree angle, hold end of the barbell in 2 hands close to your upper chest. Beginning in a staggered stance, descend into squat position. Explode out of the bottom, pressing the bar overhead.",strength:corrective:spine,strength:corrective:spine,ext-load-bil,squat,total,functional:box,,gym,,,,TRUE
Staggered Stance Deadlift - BB,https://iamaspire.aspire.qa/ExerciseVideo/Staggered Stance Deadlift - BB.mp4,,"Hold the barbell in 2 hands close to your hips. Begin in a staggered stance, keeping shoulders pulled back. Push hips back as bar decends. Once bar passes knees, bring knees forward over the bar. Continue to lower hips, descending until bar reaches the floor.",strength:corrective:spine,strength:corrective:spine,ext-load-uni,dl-hinge,total,strength:barbells:olympic,,gym,supplemental,,,TRUE
Staggered Stance Quarter Squat - BB,https://iamaspire.aspire.qa/ExerciseVideo/Staggered Stance Quarter Squat - BB.mp4,,"Hold the barbell in the back. Begin in a staggered stance, and descend into squat 90 degree angle and come back to initial position with control.",strength:corrective:spine,strength:corrective:spine,ext-load-bil,squat,lower,strength:dumbbells:regular,bilateral,gym,supplemental,,,TRUE
Staggered Stance RDL - BB,https://iamaspire.aspire.qa/ExerciseVideo/Staggered Stance RDL - BB.mp4,,"Hold the barbell in 2 hands close to your hips. Begin in a staggered stance, keeping shoulders pulled back. Push hips back as bar decends. Continue to lower hips, descending until bar close of the floor. Come back in standing position keeping the bar long the body",strength:corrective:spine,strength:corrective:spine,ext-load-bil,dl-hinge,total,functional:jump-rope,monopedal,gym,,,,TRUE
Staggered Stance RDL - TB,https://iamaspire.aspire.qa/ExerciseVideo/Staggered Stance RDL - TB.mp4,,"Hold the trapbar close to your hips. Begin in a staggered stance, keeping shoulders pulled back. Push hips back as bar decends. Continue to lower hips, descending until bar close of the floor. Come back in standing position keeping the bar long the body",strength:corrective:spine,strength:corrective:spine,ext-load-bil,dl-hinge,total,,bilateral,gym,,,,TRUE
Standing Battle Rope Sled Pull,,,,strength:corrective:spine,strength:corrective:spine,ext-load-bil,,,functional:box,,,,,,TRUE
Standing Cable Rotation - KS,https://iamaspire.aspire.qa/ExerciseVideo/Standing Cable Rotation - KS.mp4,,"Standing position, take the handle with two hands. Arms straight, pull the cable inwards (shoulders rotation) without moving the rest of the body. Return slowly in initial position.",strength:corrective:spine,strength:corrective:spine,ext-load-uni,torsion,upper,strength:barbells:olympic,,"gym,mobile",,,,TRUE
Standing Horizontal Plate Press - DI,https://iamaspire.aspire.qa/ExerciseVideo/Standing Horizontal Plate Press - DI.mp4,https://iamaspire.aspire.qa/ExerciseVideo/ExerciseThumbNailImage/11-Jun-2024_c0b96be0-b845-4ef3-a7d5-df49983c212a.png,"Standing position holding the plate in two hands, pushing the weight in horizontal until you stretch your arms. Return close of the chest under control without dropping the plate. Take care of your back (bend the legs)",strength:corrective:spine,strength:corrective:spine,ext-load-bil,push,upper,bodyweight:pull-up-bar,,gym,,,,TRUE
Standing Knee Hug Stretch,https://iamaspire.aspire.qa/ExerciseVideo/Standing Knee Hug Stretch.mp4,https://iamaspire.aspire.qa/ExerciseVideo/ExerciseThumbNailImage/11-Jun-2024_83ae87d8-3b5b-4ad7-a92a-2a915e2a32b8.png,Chest out|| move slowly and core strong. Do not lean backward. Drive the knee actively. Hold 5 seconds at maximum point of tension.,strength:corrective:spine,strength:corrective:spine,ext-load-uni,,lower,,,,,,,TRUE
Standing Knee In&Out - Miniband,https://iamaspire.aspire.qa/ExerciseVideo/Standing Knee In&Out - Miniband.mp4,https://iamaspire.aspire.qa/ExerciseVideo/ExerciseThumbNailImage/11-Jun-2024_c3a9288b-d921-4148-9bab-1329c122fb9a.png,Push the knee out without moving the feet. Try to reach as much distance as you can. Stay few seconds at the end of movement.,strength:corrective:spine,strength:corrective:spine,mb-drills-uni,squat,lower,free-weight:resistance-bands,,"gym,pitch",,,,TRUE
Standing Leg Cradle Stretch,https://iamaspire.aspire.qa/ExerciseVideo/Standing Leg Cradle Stretch.mp4,https://iamaspire.aspire.qa/ExerciseVideo/ExerciseThumbNailImage/11-Jun-2024_55230982-08d9-4129-afe4-42fc1836f57f.png,Chest out|| move slowly and core strong. Do not lean backward. Drive the knee actively. Hold 5 seconds at maximum point of tension.,strength:corrective:spine,strength:corrective:spine,ext-load-uni,,lower,,,"pitch,gym",,,,TRUE
Standing MB Slam - MB,https://iamaspire.aspire.qa/ExerciseVideo/Standing MB Slam - MB.mp4,https://iamaspire.aspire.qa/ExerciseVideo/ExerciseThumbNailImage/11-Jun-2024_ce137737-12b2-4f20-88d5-50a16e7a21e4.png,Standing position with your Medecin ball in your hands. Hold the MB over your head and Throw it on the floor as fast as possible going down in squat position. Take it back and repeat.,strength:corrective:spine,strength:corrective:spine,mb-drills-bil,squat,total,bodyweight:pull-up-bar,,gym,,,,TRUE
Standing Torsion w YB - FW[V12],https://iamaspire.aspire.qa/ExerciseVideo/Standing Torsion w YB - FW[V12].mp4,https://iamaspire.aspire.qa/ExerciseVideo/ExerciseThumbNailImage/11-Jun-2024_c2b5a33a-05c3-4fb5-8ec2-03929a8b4432.png,"Standing position, take the handle with two hands. hold the cable with both hands and the swissball in your arms, against your chest, Pull the cable inwards (shoulders rotation) and return with control. Repeat with tempo.",strength:corrective:spine,strength:corrective:spine,ext-load-uni,torsion,upper,,,gym,,,,TRUE
Star Excursion Balance Test,https://iamaspire.aspire.qa/ExerciseVideo/Star Excursion Balance Test.mp4,https://iamaspire.aspire.qa/ExerciseVideo/ExerciseThumbNailImage/11-Jun-2024_9a5bb1dc-49df-4c24-bba0-730be58695dc.png,Keep ankle and knee stability. Create foot arch and activate foot muscle. Big toe press the floor. Move slowly and control the body.,coordination:balance,strength:corrective:spine,ext-load-uni,primitive,core,functional:trx,,"pitch,gym,mobile",,,,FALSE
Step Switches on Stepper,https://iamaspire.aspire.qa/ExerciseVideo/Step Switches on Stepper.mp4,https://iamaspire.aspire.qa/ExerciseVideo/ExerciseThumbNailImage/11-Jun-2024_35c5c868-8fb9-407f-a0df-fe466ea6bf63.png,Using a step or hill|| start with one leg elevated. Keeping ankles stiff|| stay on balls of the feet and look to switch legs repeatedly at speed.,strength:corrective:spine,strength:corrective:spine,ext-load-bil,jump,lower,bodyweight:pull-up-bar,,pitch,,,,TRUE
Stir the Pot - YB,https://iamaspire.aspire.qa/ExerciseVideo/Stir the Pot - YB.mp4,https://iamaspire.aspire.qa/ExerciseVideo/ExerciseThumbNailImage/11-Jun-2024_6428aa87-8908-4fab-a4e7-79675046e439.png,Chest out and keep back straight. Actively squeeze core muscles. Avoid movement of the hip and trunk during fitball rotations.,strength:corrective:spine,strength:corrective:spine,ext-load-bil,primitive,core,functional:stability-ball,,gym,,,,TRUE
Suitcase Carry - KB,https://iamaspire.aspire.qa/ExerciseVideo/Suitcase Carry - KB.mp4,,Taking the kettlebell ( on your side) with one hand in squat position and walking with the KT with control,strength:corrective:spine,strength:corrective:spine,ext-load-bil,carry,total,functional:stability-ball,,"pitch,gym,mobile",assistance,,,TRUE
Sumo Deadlift - BB,https://iamaspire.aspire.qa/ExerciseVideo/Sumo Deadlift - BB.mp4,,,strength:corrective:spine,strength:corrective:spine,ext-load-bil,dl-hinge,total,strength:barbells:trapbar,,gym,,,,TRUE
Superman Plank,https://iamaspire.aspire.qa/ExerciseVideo/Superman Plank.mp4,,Plank hands position: Chest out and keep back straight. Raise the outstretched arm until shoulder height and the opposite leg ( diagonal). Return slowly and change the side,strength:corrective:spine,strength:corrective:spine,ext-load-uni,primitive,core,strength:barbells:trapbar,,gym,,,,TRUE
Supine Active Hamstring Stretch,https://iamaspire.aspire.qa/ExerciseVideo/Supine Active Hamstring Stretch.mp4,https://iamaspire.aspire.qa/ExerciseVideo/ExerciseThumbNailImage/11-Jun-2024_97de0c1b-4a9d-4174-9a9a-50a27b148204.png,Keep lower back flat on the ground. Push your heel into the ground. Keep knee and ankle full extended. Hold at maximum point of tension for 5 seconds.,strength:corrective:spine,strength:corrective:spine,ext-load-uni,primitive,lower,,,"pitch,gym,mobile",,,,TRUE
Supine Alternating Knee Drops Stretch,https://iamaspire.aspire.qa/ExerciseVideo/Supine Alternating Knee Drops Stretch.mp4,https://iamaspire.aspire.qa/ExerciseVideo/ExerciseThumbNailImage/11-Jun-2024_6776862b-51f4-4cde-ad1d-5dc7362d9b09.png,Push hands against the floor. Keep the shoulder on the floor and the legs together during the movement. Control the the legs during the movement.,strength:corrective:spine,strength:corrective:spine,ext-load-bil,primitive,total,,,"pitch,gym,mobile",,,,TRUE
Supine ASLR Stretch,https://iamaspire.aspire.qa/ExerciseVideo/Supine ASLR Stretch.mp4,https://iamaspire.aspire.qa/ExerciseVideo/ExerciseThumbNailImage/11-Jun-2024_6297ad85-1b47-4667-b0e9-70d761ee4415.png,Keep lower back flat on the ground all the time. Keep the knee and ankle full extended. Hold at maximum point of tension for 5 seconds.,strength:corrective:spine,strength:corrective:spine,ext-load-uni,primitive,lower,,,"pitch,gym,mobile",,,,TRUE
Supine Shoulder Floor Slide,https://iamaspire.aspire.qa/ExerciseVideo/Supine Shoulder Floor Slide.mp4,https://iamaspire.aspire.qa/ExerciseVideo/ExerciseThumbNailImage/11-Jun-2024_681ec0a7-3753-4690-bc22-c1ba44ad4e25.png,Lower back remain stable during whole exercise. Try to put elbows and wrists on the floor. Move slow. Breath out while hands go up.,rom:mobility:dynamic-wu,strength:corrective:spine,ext-load-bil,primitive,upper,,,"pitch,gym,mobile",,,,TRUE
Supine Vertical Throw - MB,https://iamaspire.aspire.qa/ExerciseVideo/Supine Vertical Throw - MB.mp4,,Lie on your back with your legs bent. Hold the MB against your chest and throw it vertically with your arms outstretched. Catch it with control and repeat. Body remains stable during whole exercise,strength:corrective:spine,strength:corrective:spine,mb-drills-bil,press,upper,bodyweight:pull-up-bar,,"pitch,gym",,,,TRUE
Table,https://iamaspire.aspire.qa/ExerciseVideo/,,,strength:corrective:spine,strength:corrective:spine,ext-load-bil,,total,,,,,,,FALSE
Table to Flip,https://iamaspire.aspire.qa/ExerciseVideo/,,,strength:corrective:spine,strength:corrective:spine,ext-load-bil,,total,,,,,,,FALSE
Team Rope Pull,,,,strength:corrective:spine,strength:corrective:spine,ext-load-bil,,,free-weight:medicine-ball,,,,,,TRUE
The Monkey Bars,https://iamaspire.aspire.qa/ExerciseVideo/,,,strength:corrective:spine,strength:corrective:spine,ext-load-bil,,upper,,,,,,,TRUE
The Worlds Greatest Stretch,https://iamaspire.aspire.qa/ExerciseVideo/The Worlds Greatest Stretch.mp4,https://iamaspire.aspire.qa/ExerciseVideo/ExerciseThumbNailImage/11-Jun-2024_82cd282f-ce8f-47de-b298-9c14ed755951.png,Lunge position. Place your hands on the ground in line with the front foot. Front knee is on the outside of the arms. Keep back knee off the ground. Look up|| keep your back straight. Lift your inside arm towards the sky. Keep a look on it,strength:corrective:spine,strength:corrective:spine,ext-load-uni,primitive,total,bodyweight:pull-up-bar,,"pitch,gym,mobile",,,,TRUE
Tibialis Anterior - FoamRoller,https://iamaspire.aspire.qa/ExerciseVideo/Tibialis Anterior - FoamRoller.mp4,https://iamaspire.aspire.qa/ExerciseVideo/ExerciseThumbNailImage/11-Jun-2024_6fc220f0-4d4e-4ab4-96d3-3d1c31aade87.png,Search trigger points|| push on it keeping the pressure constant. Scale of pain out of 10 never more than 8 release it until 3-4.,strength:corrective:spine,strength:corrective:spine,ext-load-bil,primitive,lower,,,gym,,,,TRUE
Toe Back Squat - BB,https://iamaspire.aspire.qa/ExerciseVideo/Toe Back Squat - BB.mp4,https://iamaspire.aspire.qa/ExerciseVideo/ExerciseThumbNailImage/11-Jun-2024_e3cbbf88-9e3d-467c-ac24-bd2bcc46f520.png,"Hold the barbell in the back, standing position. Push on your toes and maintain the posture. Descend into squat and come back to initial position with control and keeping balance",strength:corrective:spine,strength:corrective:spine,ext-load-bil,squat,lower,strength:dumbbells:regular,,gym,supplemental,,,TRUE
Toe Squat - BW,https://iamaspire.aspire.qa/ExerciseVideo/Toe Squat - BW.mp4,https://iamaspire.aspire.qa/ExerciseVideo/ExerciseThumbNailImage/11-Jun-2024_4ba85514-c549-4dfb-8ec5-34baabef1ef6.png,Standing position on your toes. Descend in squat position with your arms outstretched. return keeping the balance.,strength:corrective:spine,strength:corrective:spine,ext-load-bil,squat,lower,strength:barbells:trapbar,,"gym,pitch,mobile",assistance,,,TRUE
Toe Squat - Landmine,https://iamaspire.aspire.qa/ExerciseVideo/Toe Squat - Landmine.mp4,https://iamaspire.aspire.qa/ExerciseVideo/ExerciseThumbNailImage/11-Jun-2024_d3b046ef-f82f-48a8-b738-59f034eb006c.png,"On your Toes...Leaning forward at a 45 degree angle, hold end of the barbell in 2 hands close to your upper chest. Descend into toe squat position. Explode out of the bottom, driving through the hips, keeping bar close to chest. Keep toe squat position all long the exercice.",strength:corrective:spine,strength:corrective:spine,ext-load-bil,squat,lower,strength:barbells:olympic,,gym,assistance,,,TRUE
Toe Squat & Press - Landmine,https://iamaspire.aspire.qa/ExerciseVideo/Toe Squat & Press - Landmine.mp4,https://iamaspire.aspire.qa/ExerciseVideo/ExerciseThumbNailImage/11-Jun-2024_1fd17b1a-1cd2-497d-acd5-ebb7e0993d55.png,"On your Toes....Leaning forward at a 45 degree angle, hold end of the barbell in 2 hands close to your upper chest. Descend into toe squat position. Explode out of the bottom, pressing the bar overhead. Keep toe squat position all long the exercice.",strength:corrective:spine,strength:corrective:spine,ext-load-bil,squat,lower,free-weight:medicine-ball,,gym,assistance,,,TRUE
Toe Walk,https://iamaspire.aspire.qa/ExerciseVideo/Toe Walk.mp4,https://iamaspire.aspire.qa/ExerciseVideo/ExerciseThumbNailImage/11-Jun-2024_e5858e55-5fc4-462a-871f-672328a458c8.png,Chest out and squeeze the core. Raise the heel as high as possible during walking. Move slow and controlled.,strength:corrective:spine,strength:corrective:spine,ext-load-bil,walk,lower,,,"pitch,gym,mobile",,,,TRUE
Toes Knees Fwd,https://iamaspire.aspire.qa/ExerciseVideo/,,,strength:corrective:spine,strength:corrective:spine,ext-load-bil,,lower,,,,,,,TRUE
Toes Knees RN,https://iamaspire.aspire.qa/ExerciseVideo/,,,strength:corrective:spine,strength:corrective:spine,ext-load-bil,,lower,,,,,,,TRUE
Torsional Back to Wall Slams - MB,https://iamaspire.aspire.qa/ExerciseVideo/Torsional Back to Wall Slams - MB.mp4,https://iamaspire.aspire.qa/ExerciseVideo/ExerciseThumbNailImage/11-Jun-2024_b043a448-3e23-454d-99f3-2d67f0bdfdc9.png,"Start with feet shoulder width apart, slightly bent knees. Keeping your feet planted and not moving them, rotate and slam the ball into the wall with as much force as possible. Immediately catch the ball and twist to slam the ball the other side. Pivot at the hips, keeping the back upright - not allowing your back to bend.",strength:corrective:spine,strength:corrective:spine,mb-drills-bil,torsion,"upper,core",functional:stability-ball,,gym,,,,TRUE
Torsional Sprinter Plank - Wall,https://iamaspire.aspire.qa/ExerciseVideo/Torsional Sprinter Plank - Wall.mp4,https://iamaspire.aspire.qa/ExerciseVideo/ExerciseThumbNailImage/11-Jun-2024_4678836e-b1d9-46cc-a60a-bf8bd9be49d3.png,Start one step to the side of the wall. Take one step then drive the knee up and forwards. Focus on keeping a straight leg onto the floor as well as a 'big' chest creating a strong athletic position. Twist the torso so that both hands are flat against the wall.,strength:corrective:spine,strength:corrective:spine,ext-load-uni,,"lower,core",strength:barbells:trapbar,,"gym,pitch,mobile",,,,TRUE
Treadmill Running,https://iamaspire.aspire.qa/ExerciseVideo/Treadmill Running.mp4,https://iamaspire.aspire.qa/ExerciseVideo/ExerciseThumbNailImage/11-Jun-2024_246a8eaa-0de2-4095-b662-2d20d754fb7e.png,Keep a constant rhythm. Breath in through your nose. Breath out through your mouth.,strength:corrective:spine,strength:corrective:spine,ext-load-bil,run,total,,,"gym,mobile",,,,TRUE
Triceps Bench Dips,https://iamaspire.aspire.qa/ExerciseVideo/Triceps Bench Dips.mp4,https://iamaspire.aspire.qa/ExerciseVideo/ExerciseThumbNailImage/11-Jun-2024_255a2a06-5207-4bf9-9384-027289f2d47f.png,"Start by sitting on the bench, and slowly lift yourself off the bench with your legs at 90 degrees. Lower your body until your arms are now at 90 degrees and push back up to the starting position.",strength:general:con-ecc,strength:corrective:spine,ext-load-bil,push,upper,functional:box,,"gym,mobile",,,,FALSE
Triceps Dips,https://iamaspire.aspire.qa/ExerciseVideo/Triceps Dips.mp4,https://iamaspire.aspire.qa/ExerciseVideo/ExerciseThumbNailImage/11-Jun-2024_06b1f44e-a695-4fc2-abb3-dfca0dd06b64.png,Start between two boxes with your knees bent. Lower your body until your arms are at 90 degrees and push back up to the starting position.,strength:general:con-ecc,strength:corrective:spine,ext-load-bil,push,upper,strength:barbells:olympic,,gym,,,,FALSE
TRX Row [level 1],https://iamaspire.aspire.qa/ExerciseVideo/TRX Row [level 1].mp4,,"Place your feet directly underneath the rings and the lean backwards. Focus on keeping the whole body in a straight line and not letting your hips drop. Pull all the way until your chest is level with the rings, then complete the movement by moving all the way to full straight arms.",strength:general:con-ecc,strength:corrective:spine,ext-load-bil,pull,upper,bodyweight:pull-up-bar,,"pitch,gym,mobile",assistance,,,FALSE
TRX Row [level 2],https://iamaspire.aspire.qa/ExerciseVideo/TRX Row [level 2].mp4,,"Place your feet one step forwards from underneath the rings and the lean backwards. Focus on keeping the whole body in a straight line and not letting your hips drop. Pull all the way until your chest is level with the rings, then complete the movement by moving all the way to full straight arms.",strength:general:con-ecc,strength:corrective:spine,ext-load-bil,pull,upper,strength:barbells:olympic,,"pitch,gym,mobile",assistance,,,FALSE
TRX Row [level 3],https://iamaspire.aspire.qa/ExerciseVideo/TRX Row [level 3].mp4,,"Place your feet forward from the rings until your body is almost flat to the floor, and the lean backwards. Focus on keeping the whole body in a straight line and not letting your hips drop. Pull all the way until your chest is level with the rings, then complete the movement by moving all the way to full straight arms.",strength:general:con-ecc,strength:corrective:spine,ext-load-bil,pull,upper,,,"pitch,gym,mobile",assistance,,,FALSE
T-Spine Extension - FoamRoller,https://iamaspire.aspire.qa/ExerciseVideo/T-Spine Extension - FoamRoller.mp4,https://iamaspire.aspire.qa/ExerciseVideo/ExerciseThumbNailImage/11-Jun-2024_5e73ca2c-f49d-4da2-ab4c-193886665369.png,Place foam roller under scapula. Drive head back without arching lower back. Breath out slowly and hold for 5 seconds at maximum tension.,rom:flexibility:passive-stretching,strength:corrective:spine,ext-load-bil,,,,,,,,,FALSE
Tuck Jumps,https://iamaspire.aspire.qa/ExerciseVideo/Tuck Jumps.mp4,https://iamaspire.aspire.qa/ExerciseVideo/ExerciseThumbNailImage/11-Jun-2024_acd5c4e5-8e65-4419-a077-fec71589b9b6.png,"Use your arms to help you jump as high as possible, and focus on getting your knees high at the top of the jump. Be reactive as possible off the floor and keep jumping to the same height everytime!",strength:power:jumping,strength:corrective:spine,ext-load-bil,squat,lower,functional:box,,"gym,pitch,mobile",supplemental,linear,,FALSE
Turkish Get Up - KB,https://iamaspire.aspire.qa/ExerciseVideo/Turkish Get Up - KB.mp4,https://iamaspire.aspire.qa/ExerciseVideo/ExerciseThumbNailImage/11-Jun-2024_11049556-0672-4d95-ae07-b7f7d5ae0ce9.png,Keep your arm straight and above your head. Keep your hips high.,strength:general:con-ecc,strength:corrective:spine,ext-load-uni,primitive,upper,free-weight:power-band,,gym,,,,TRUE
Upper Back - FoamRoller,https://iamaspire.aspire.qa/ExerciseVideo/Upper Back - FoamRoller.mp4,https://iamaspire.aspire.qa/ExerciseVideo/ExerciseThumbNailImage/11-Jun-2024_9cc34f1b-4d1f-4a27-be0a-5c9eb5e4b8f2.png,Focus on rolling between the scapula. Hands behind neck. Scale of pain out of 10 never more than 8 release it until 3-4.,rom:flexibility:passive-stretching,strength:corrective:spine,ext-load-bil,,upper,,,"gym,mobile",,,,FALSE
Upright Rows - BB,https://iamaspire.aspire.qa/ExerciseVideo/Upright Rows - BB.mp4,,"Start with slightly bent knees and a straight vertical back. As you pull the bar up, bend your elbows to the side allowing the bar to move straight up. Do not allow the back to bend - you will need to brace the core to achieve this. Control the descent of the bar and don't just let it drop.",strength:general:con-ecc,strength:corrective:spine,ext-load-bil,pull,upper,functional:trx,,gym,,,,FALSE
V-Sit Vertical Throw - MB,https://iamaspire.aspire.qa/ExerciseVideo/V-Sit Vertical Throw - MB.mp4,https://iamaspire.aspire.qa/ExerciseVideo/ExerciseThumbNailImage/11-Jun-2024_4a69135a-4a0d-45e9-a7d4-c87e2f7f127f.png,"Keep a V shape with your feet off the floor. Try to maintain this whilst throwing the ball, and touch the floor whilst the ball is in the air. Again, keep that position as you catch the ball - trying to increase how high the ball goes every throw!",strength:corrective:spine,strength:corrective:spine,mb-drills-bil,push,"upper,core",free-weight:weightlifting-belt,,gym,,,,TRUE
Walk to Sprinter Plank - Wall,https://iamaspire.aspire.qa/ExerciseVideo/Walk to Sprinter Plank - Wall.mp4,https://iamaspire.aspire.qa/ExerciseVideo/ExerciseThumbNailImage/11-Jun-2024_eae4030f-e41a-4419-801a-b6afa9f0b135.png,Start two steps back from the wall. Take one step then drive the knee up and forwards. Focus on keeping a straight leg onto the floor as well as a 'big' chest creating a strong athletic position.,strength:corrective:spine,strength:corrective:spine,ext-load-uni,,"lower,core",strength:barbells:olympic,,"gym,pitch,mobile",,,,TRUE
Warm Up Combo - BW,https://iamaspire.aspire.qa/ExerciseVideo/Warm Up Combo - BW.mp4,https://iamaspire.aspire.qa/ExerciseVideo/ExerciseThumbNailImage/11-Jun-2024_70a9b7ae-546e-4210-892b-6e1b7188be27.png,This video is to help you warm up. You will not need any equipment. Just follow up.,strength:general:con-ecc,strength:corrective:spine,ext-load-bil,,total,,,gym,,,,FALSE
Warm Up Combo DI-BB-KB,https://iamaspire.aspire.qa/ExerciseVideo/Warm Up Combo DI-BB-KB.mp4,https://iamaspire.aspire.qa/ExerciseVideo/ExerciseThumbNailImage/11-Jun-2024_c9d7019c-7670-49c1-85bd-5a84ab1dd9bb.png,This video is to help you warm up. You will Olympic Barbell|| Disc (DI) and Kettlebell (KB). Follow up.,strength:general:con-ecc,strength:corrective:spine,ext-load-bil,,total,free-weight:medicine-ball,,gym,,,,FALSE
Wheelbarrow - Partner,,,"Keep your arms straight through the movement, and keep your hips high not allowing them to drop. Keeping your body in a straight line, do not twist your hips.",strength:corrective:spine,strength:corrective:spine,ext-load-bil,crawl,"upper,core",,,"pitch,gym,mobile",,,,FALSE
WU KB Complex,,,,strength:general:con-ecc,strength:corrective:spine,ext-load-bil,squat,total,strength:smith,bilateral,gym,supplemental,linear,,FALSE
ZigZag 8 - EC Side,https://iamaspire.aspire.qa/ExerciseVideo/ZigZag 8 - EC Side.mp4,https://iamaspire.aspire.qa/ExerciseVideo/ExerciseThumbNailImage/11-Jun-2024_1a37f0fc-eca6-4b69-b897-ef6a3122e48a.png,"Always face the same way throughout the movement. This means you will move forwards through the cones, remain the sameway, and move backwards back through the cones. Continue this process trying to remain low and bent knees throughout.",speed:cod:generic:resisted,strength:corrective:spine,rsi-drills-uni,run,lower,strength:barbells:olympic,,"pitch,mobile",,,,FALSE
ZigZag Accel - EC,https://iamaspire.aspire.qa/ExerciseVideo/ZigZag Accel - EC.mp4,https://iamaspire.aspire.qa/ExerciseVideo/ExerciseThumbNailImage/11-Jun-2024_aadcdc89-1160-40f2-9f1e-9489d61c59a2.png,Face side on throughout the movement and ensure that your feet do not cross. The first movement is always in front of the first cone from the start.,speed:cod:generic:resisted,strength:corrective:spine,rsi-drills-uni,run,lower,bodyweight:pull-up-bar,,"pitch,mobile",,,,FALSE
ZigZag Backward - EC Side,https://iamaspire.aspire.qa/ExerciseVideo/ZigZag Backward - EC Side.mp4,https://iamaspire.aspire.qa/ExerciseVideo/ExerciseThumbNailImage/11-Jun-2024_b9c4a9c9-4b22-4aa4-8479-6f185bbb546a.png,Move backward through the cones. Focus on pushing from the outside foot and ensure that your feet don't cross over.,speed:cod:generic:resisted,strength:corrective:spine,rsi-drills-uni,run,lower,,,"pitch,mobile",,,,FALSE
ZigZag Decel - EC,https://iamaspire.aspire.qa/ExerciseVideo/ZigZag Decel - EC.mp4,https://iamaspire.aspire.qa/ExerciseVideo/ExerciseThumbNailImage/11-Jun-2024_de2aef1f-7787-4d5f-bd15-f762c5802023.png,Face side on throughout the movement and ensure that your feet do not cross. The first movement is always behind the first cone from the start.,speed:cod:generic:resisted,strength:corrective:spine,rsi-drills-uni,run,lower,bodyweight:pull-up-bar,,"pitch,mobile",,,,FALSE
ZigZag Forward - EC Side,https://iamaspire.aspire.qa/ExerciseVideo/ZigZag Forward - EC Side.mp4,https://iamaspire.aspire.qa/ExerciseVideo/ExerciseThumbNailImage/11-Jun-2024_6cee2d4e-e53a-4ab0-8b78-71a23bcc220c.png,Move forward through the cones. Focus on pushing from the outside foot and ensure that your feet don't cross over.,speed:cod:generic:resisted,strength:corrective:spine,rsi-drills-uni,run,lower,,monopedal,"pitch,mobile",,,,FALSE
